{
  "total_return": -0.00013260852549399715,
  "total_pnl": -13.260852549399715,
  "max_drawdown": -0.0002139622442666019,
  "sharpe_ratio": -6.538080880002688,
  "sortino_ratio": -12.849785716915559,
  "sharpe_annualization_days": 365,
  "total_trades": 0,
  "winning_trades": 0,
  "losing_trades": 0,
  "win_rate": 0,
  "avg_win": 0,
  "avg_loss": 0,
  "profit_factor": 0,
  "final_equity": 99986.7391474506,
  "avg_holding_period_hours": 0.0,
  "avg_return_per_trade": 0.0
}