{
  "total_return": 0.0003246888023946667,
  "total_pnl": 32.46888023946667,
  "max_drawdown": -0.0008412699738222664,
  "sharpe_ratio": 8.18204534984702,
  "sortino_ratio": 0.0,
  "sharpe_annualization_days": 365,
  "total_trades": 136,
  "winning_trades": 136.0,
  "losing_trades": 0.0,
  "win_rate": 1.0,
  "avg_win": 0.606251176711794,
  "avg_loss": 0,
  "profit_factor": 0,
  "final_equity": 100032.46888023947,
  "avg_holding_period_hours": 9.66985294117647,
  "avg_return_per_trade": 0.0008535826590690012
}