{
  "total_return": 0.5510986844906129,
  "total_pnl": 55109.868449061294,
  "max_drawdown": -0.18463456195150446,
  "sharpe_ratio": 5.217098575174844,
  "sortino_ratio": 11.909784554315033,
  "sharpe_annualization_days": 365,
  "total_trades": 298,
  "winning_trades": 298.0,
  "losing_trades": 0.0,
  "win_rate": 1.0,
  "avg_win": 88.58172671477597,
  "avg_loss": 0,
  "profit_factor": 0,
  "final_equity": 155109.8684490613,
  "avg_holding_period_hours": 1.873881431767338,
  "avg_return_per_trade": 0.0012533044016364457
}