{
  "total_return": 0.5636512707943387,
  "total_pnl": 56365.12707943388,
  "max_drawdown": -0.18463456195150407,
  "sharpe_ratio": 5.203889003270091,
  "sortino_ratio": 11.968595219498344,
  "sharpe_annualization_days": 365,
  "total_trades": 300,
  "winning_trades": 300.0,
  "losing_trades": 0.0,
  "win_rate": 1.0,
  "avg_win": 90.45883846613854,
  "avg_loss": 0,
  "profit_factor": 0,
  "final_equity": 156365.12707943388,
  "avg_holding_period_hours": 1.8588333333333333,
  "avg_return_per_trade": 0.0012529453063720372
}