{
  "total_return": 0.0011594309784688811,
  "total_pnl": 115.94309784688812,
  "max_drawdown": -0.007891048331871582,
  "sharpe_ratio": 0.9570100599265129,
  "sortino_ratio": 1.5067950929639815,
  "sharpe_annualization_days": 365,
  "total_trades": 9,
  "winning_trades": 9.0,
  "losing_trades": 0.0,
  "win_rate": 1.0,
  "avg_win": 5.61283053545651,
  "avg_loss": 0,
  "profit_factor": 0,
  "final_equity": 100115.94309784689,
  "avg_holding_period_hours": 0.5462962962962963,
  "avg_return_per_trade": 0.0018213290815489566
}