{
  "total_return": 0.0005292088900583622,
  "total_pnl": 52.920889005836216,
  "max_drawdown": -0.0019087073739519572,
  "sharpe_ratio": 5.138353636277277,
  "sortino_ratio": 0.0,
  "sharpe_annualization_days": 365,
  "total_trades": 43,
  "winning_trades": 43.0,
  "losing_trades": 0.0,
  "win_rate": 1.0,
  "avg_win": 3.3617633382343963,
  "avg_loss": 0,
  "profit_factor": 0,
  "final_equity": 100052.92088900584,
  "avg_holding_period_hours": 12.327131782945733,
  "avg_return_per_trade": 0.0016773955800523167
}