{
  "total_return": 0.023494431726429756,
  "total_pnl": 2349.4431726429757,
  "max_drawdown": -0.12135588484982993,
  "sharpe_ratio": 1.9919967557161669,
  "sortino_ratio": 0.9304189084910732,
  "sharpe_annualization_days": 365,
  "total_trades": 378,
  "winning_trades": 378.0,
  "losing_trades": 0.0,
  "win_rate": 1.0,
  "avg_win": 59.38371743009656,
  "avg_loss": 0,
  "profit_factor": 0,
  "final_equity": 102349.44317264298,
  "avg_holding_period_hours": 19.101234567901233,
  "avg_return_per_trade": 0.0012477909864150316
}