{
  "total_return": 0.5668294422215724,
  "total_pnl": 56682.94422215724,
  "max_drawdown": -0.1846345619515044,
  "sharpe_ratio": 5.2038890032699685,
  "sortino_ratio": 11.968595219497901,
  "sharpe_annualization_days": 365,
  "total_trades": 302,
  "winning_trades": 302.0,
  "losing_trades": 0.0,
  "win_rate": 1.0,
  "avg_win": 90.61553956416805,
  "avg_loss": 0,
  "profit_factor": 0,
  "final_equity": 156682.94422215724,
  "avg_holding_period_hours": 1.8497240618101545,
  "avg_return_per_trade": 0.001252590967336313
}