{
  "total_return": 0.5567450514712441,
  "total_pnl": 55674.50514712441,
  "max_drawdown": -0.18463456195150352,
  "sharpe_ratio": 5.203889003270068,
  "sortino_ratio": 11.96859521949823,
  "sharpe_annualization_days": 365,
  "total_trades": 299,
  "winning_trades": 299.0,
  "losing_trades": 0.0,
  "win_rate": 1.0,
  "avg_win": 89.22615673076388,
  "avg_loss": 0,
  "profit_factor": 0,
  "final_equity": 155674.5051471244,
  "avg_holding_period_hours": 1.8615942028985508,
  "avg_return_per_trade": 0.0012531242535104839
}