{
  "total_return": 0.026125583220596018,
  "total_pnl": 2612.558322059602,
  "max_drawdown": -0.09079140718222425,
  "sharpe_ratio": 0.0238421688420551,
  "sortino_ratio": 0.032464138468213236,
  "total_trades": 34,
  "winning_trades": 34.0,
  "losing_trades": 0.0,
  "win_rate": 1.0,
  "avg_win": 1.076761770598967,
  "avg_loss": 0,
  "profit_factor": 0,
  "final_equity": 102612.5583220596,
  "avg_holding_period_hours": 173.45882352941175,
  "avg_return_per_trade": 0.00199400599400604
}