{
  "total_return": 0.5832183358063747,
  "total_pnl": 58321.83358063747,
  "max_drawdown": -0.18463456195150557,
  "sharpe_ratio": 5.194862921563021,
  "sortino_ratio": 12.08666867097721,
  "sharpe_annualization_days": 365,
  "total_trades": 300,
  "winning_trades": 300.0,
  "losing_trades": 0.0,
  "win_rate": 1.0,
  "avg_win": 91.82717875895523,
  "avg_loss": 0,
  "profit_factor": 0,
  "final_equity": 158321.83358063747,
  "avg_holding_period_hours": 1.8588333333333333,
  "avg_return_per_trade": 0.0012529453063720316
}