{
  "total_return": -0.0002246226044082141,
  "total_pnl": -22.46226044082141,
  "max_drawdown": -0.00036241349719272705,
  "sharpe_ratio": -6.538017276731766,
  "sortino_ratio": -12.848531130737127,
  "sharpe_annualization_days": 365,
  "total_trades": 0,
  "winning_trades": 0,
  "losing_trades": 0,
  "win_rate": 0,
  "avg_win": 0,
  "avg_loss": 0,
  "profit_factor": 0,
  "final_equity": 99977.53773955918,
  "avg_holding_period_hours": 0.0,
  "avg_return_per_trade": 0.0
}