{
  "total_return": 0.5560994459964754,
  "total_pnl": 55609.94459964754,
  "max_drawdown": -0.18463456195150474,
  "sharpe_ratio": 5.289917856225712,
  "sortino_ratio": 11.47703354525289,
  "sharpe_annualization_days": 365,
  "total_trades": 298,
  "winning_trades": 298.0,
  "losing_trades": 0.0,
  "win_rate": 1.0,
  "avg_win": 88.68567117452899,
  "avg_loss": 0,
  "profit_factor": 0,
  "final_equity": 155609.94459964754,
  "avg_holding_period_hours": 1.9044183445190157,
  "avg_return_per_trade": 0.0012533044016364377
}