{
  "total_return": 0.5692626390349865,
  "total_pnl": 56926.26390349865,
  "max_drawdown": -0.18010478723860118,
  "sharpe_ratio": 5.577981824258287,
  "sortino_ratio": 11.39306907225175,
  "sharpe_annualization_days": 365,
  "total_trades": 323,
  "winning_trades": 323.0,
  "losing_trades": 0.0,
  "win_rate": 1.0,
  "avg_win": 83.84736700407147,
  "avg_loss": 0,
  "profit_factor": 0,
  "final_equity": 156926.26390349865,
  "avg_holding_period_hours": 3.8360681114551087,
  "avg_return_per_trade": 0.001259903477252805
}