{
  "total_return": -0.01719756536132103,
  "annual_return": -0.16991475314929494,
  "total_pnl": -1719.756536132103,
  "max_drawdown": -0.14342943154418417,
  "sharpe_ratio": -0.24765316695805717,
  "sortino_ratio": -0.3352497967238213,
  "calmar_ratio": -1.1846575094104854,
  "sharpe_to_dd": -1.726655152236076,
  "ulcer_index": 5.2806071137043995,
  "sharpe_annualization_days": 365,
  "total_trades": 183,
  "winning_trades": 169.0,
  "losing_trades": 14.0,
  "win_rate": 0.9234972677595629,
  "avg_win": 7.713045045704238,
  "avg_loss": -55.5269490164643,
  "profit_factor": 1.6767979150056025,
  "final_equity": 98280.2434638679,
  "avg_holding_period_hours": 43.362021857923494,
  "avg_return_per_trade": 0.0002778912068045709
}