{
  "total_return": 0.5583097355824546,
  "total_pnl": 55830.97355824546,
  "max_drawdown": -0.18463456195150488,
  "sharpe_ratio": 5.203889003270003,
  "sortino_ratio": 11.96859521949799,
  "sharpe_annualization_days": 365,
  "total_trades": 301,
  "winning_trades": 301.0,
  "losing_trades": 0.0,
  "win_rate": 1.0,
  "avg_win": 88.9333514613344,
  "avg_loss": 0,
  "profit_factor": 0,
  "final_equity": 155830.97355824546,
  "avg_holding_period_hours": 1.870874861572536,
  "avg_return_per_trade": 0.0012527675482511232
}