{
  "total_return": 0.5623667805414356,
  "total_pnl": 56236.67805414356,
  "max_drawdown": -0.18463456195150407,
  "sharpe_ratio": 5.203889003269935,
  "sortino_ratio": 11.96859521949777,
  "sharpe_annualization_days": 365,
  "total_trades": 303,
  "winning_trades": 303.0,
  "losing_trades": 0.0,
  "win_rate": 1.0,
  "avg_win": 89.5479878700587,
  "avg_loss": 0,
  "profit_factor": 0,
  "final_equity": 156236.67805414356,
  "avg_holding_period_hours": 1.8862486248624861,
  "avg_return_per_trade": 0.0012524155519725911
}