{
  "total_return": 0.5620086272241012,
  "total_pnl": 56200.86272241012,
  "max_drawdown": -0.18463456195150546,
  "sharpe_ratio": 5.2050054101432925,
  "sortino_ratio": 11.951522313579119,
  "sharpe_annualization_days": 365,
  "total_trades": 300,
  "winning_trades": 300.0,
  "losing_trades": 0.0,
  "win_rate": 1.0,
  "avg_win": 90.29234841646677,
  "avg_loss": 0,
  "profit_factor": 0,
  "final_equity": 156200.86272241012,
  "avg_holding_period_hours": 1.8588333333333333,
  "avg_return_per_trade": 0.0012529453063720502
}