{
  "total_return": 0.008849255960948212,
  "total_pnl": 884.9255960948212,
  "max_drawdown": -0.09092907715275055,
  "sharpe_ratio": 0.010512330161631068,
  "sortino_ratio": 0.014324155484100161,
  "total_trades": 140,
  "winning_trades": 140.0,
  "losing_trades": 0.0,
  "win_rate": 1.0,
  "avg_win": 0.1730537451734399,
  "avg_loss": 0,
  "profit_factor": 0,
  "final_equity": 100884.92559609482,
  "avg_holding_period_hours": 120.73559523809524,
  "avg_return_per_trade": 0.0004997200559887251
}