{
  "total_return": -0.003120051573491801,
  "total_pnl": -312.0051573491801,
  "max_drawdown": -0.01063856722412952,
  "sharpe_ratio": -5.283071825597391,
  "sortino_ratio": -6.425622964634517,
  "sharpe_annualization_days": 365,
  "total_trades": 38,
  "winning_trades": 38.0,
  "losing_trades": 0.0,
  "win_rate": 1.0,
  "avg_win": 2.577774620662904,
  "avg_loss": 0,
  "profit_factor": 0,
  "final_equity": 99687.99484265082,
  "avg_holding_period_hours": 2.87719298245614,
  "avg_return_per_trade": 0.0012063155077924332
}