{
  "total_return": 0.5546855408161971,
  "total_pnl": 55468.55408161972,
  "max_drawdown": -0.1846345619515052,
  "sharpe_ratio": 5.205368212724898,
  "sortino_ratio": 11.945812145131098,
  "sharpe_annualization_days": 365,
  "total_trades": 295,
  "winning_trades": 295.0,
  "losing_trades": 0.0,
  "win_rate": 1.0,
  "avg_win": 89.98983756692586,
  "avg_loss": 0,
  "profit_factor": 0,
  "final_equity": 155468.55408161972,
  "avg_holding_period_hours": 1.8219774011299437,
  "avg_return_per_trade": 0.0012538521740736548
}