{
  "total_return": 0.0548738582155302,
  "total_pnl": 5487.38582155302,
  "max_drawdown": -0.032233102357786834,
  "sharpe_ratio": 3.812749438237531,
  "sortino_ratio": 4.599856160270659,
  "sharpe_annualization_days": 365,
  "total_trades": 180,
  "winning_trades": 180.0,
  "losing_trades": 0.0,
  "win_rate": 1.0,
  "avg_win": 6.584528622127568,
  "avg_loss": 0,
  "profit_factor": 0,
  "final_equity": 105487.38582155302,
  "avg_holding_period_hours": 5.750555555555555,
  "avg_return_per_trade": 0.0016574979507018848
}