{
  "total_return": 0.02479915123295912,
  "total_pnl": 2479.915123295912,
  "max_drawdown": -0.09105990211902591,
  "sharpe_ratio": 0.02279505734157145,
  "sortino_ratio": 0.031036869430380774,
  "total_trades": 111,
  "winning_trades": 111.0,
  "losing_trades": 0.0,
  "win_rate": 1.0,
  "avg_win": 0.1380703645929704,
  "avg_loss": 0,
  "profit_factor": 0,
  "final_equity": 102479.91512329591,
  "avg_holding_period_hours": 128.3527027027027,
  "avg_return_per_trade": 0.0007996000799840637
}