{
  "total_return": 0.014674656280076743,
  "total_pnl": 1467.4656280076742,
  "max_drawdown": -0.0909920534672764,
  "sharpe_ratio": 0.015025287135275718,
  "sortino_ratio": 0.020472888333756007,
  "total_trades": 113,
  "winning_trades": 113.0,
  "losing_trades": 0.0,
  "win_rate": 1.0,
  "avg_win": 0.3049667451686635,
  "avg_loss": 0,
  "profit_factor": 0,
  "final_equity": 101467.46562800767,
  "avg_holding_period_hours": 114.25589970501474,
  "avg_return_per_trade": 0.0007996000799840532
}