{
  "total_return": 0.0046777939327929926,
  "total_pnl": 467.77939327929926,
  "max_drawdown": -0.09071732645910555,
  "sharpe_ratio": 0.007258929040970747,
  "sortino_ratio": 0.009881779438007304,
  "total_trades": 137,
  "winning_trades": 137.0,
  "losing_trades": 0.0,
  "win_rate": 1.0,
  "avg_win": 0.2563439845360007,
  "avg_loss": 0,
  "profit_factor": 0,
  "final_equity": 100467.7793932793,
  "avg_holding_period_hours": 108.43856447688563,
  "avg_return_per_trade": 0.0004997200559887158
}