{
  "total_return": 0.5702391195032909,
  "total_pnl": 57023.911950329086,
  "max_drawdown": -0.18463456195150393,
  "sharpe_ratio": 5.202685230474698,
  "sortino_ratio": 11.986240675411448,
  "sharpe_annualization_days": 365,
  "total_trades": 302,
  "winning_trades": 302.0,
  "losing_trades": 0.0,
  "win_rate": 1.0,
  "avg_win": 90.93867171561891,
  "avg_loss": 0,
  "profit_factor": 0,
  "final_equity": 157023.9119503291,
  "avg_holding_period_hours": 1.8497240618101545,
  "avg_return_per_trade": 0.0012525909673363252
}