{
  "total_return": 0.0019415170117437082,
  "total_pnl": 194.15170117437083,
  "max_drawdown": -0.006355900119217326,
  "sharpe_ratio": 1.3537014413372257,
  "sortino_ratio": 2.0594538147470964,
  "sharpe_annualization_days": 365,
  "total_trades": 10,
  "winning_trades": 10.0,
  "losing_trades": 0.0,
  "win_rate": 1.0,
  "avg_win": 5.135058607892995,
  "avg_loss": 0,
  "profit_factor": 0,
  "final_equity": 100194.15170117437,
  "avg_holding_period_hours": 0.5316666666666667,
  "avg_return_per_trade": 0.0019634017081831415
}