{
  "total_return": 0.3593473825136677,
  "total_pnl": 35934.73825136677,
  "max_drawdown": -0.2614704624396761,
  "sharpe_ratio": 4.3041961324180456,
  "sortino_ratio": 3.350110088341808,
  "sharpe_annualization_days": 365,
  "total_trades": 274,
  "winning_trades": 274.0,
  "losing_trades": 0.0,
  "win_rate": 1.0,
  "avg_win": 67.28612813660864,
  "avg_loss": 0,
  "profit_factor": 0,
  "final_equity": 135934.73825136677,
  "avg_holding_period_hours": 6.579197080291971,
  "avg_return_per_trade": 0.0012419566666015572
}