{
  "total_return": 0.02650993447685527,
  "total_pnl": 2650.993447685527,
  "max_drawdown": -0.09097050933361556,
  "sharpe_ratio": 0.024107085662245085,
  "sortino_ratio": 0.03282082653748299,
  "total_trades": 32,
  "winning_trades": 32.0,
  "losing_trades": 0.0,
  "win_rate": 1.0,
  "avg_win": 0.6251645717942975,
  "avg_loss": 0,
  "profit_factor": 0,
  "final_equity": 102650.99344768553,
  "avg_holding_period_hours": 180.2322916666667,
  "avg_return_per_trade": 0.0019940059940060264
}