{
  "total_return": 0.5687586880658054,
  "total_pnl": 56875.86880658055,
  "max_drawdown": -0.18463456195150438,
  "sharpe_ratio": 5.202270160044665,
  "sortino_ratio": 11.992158172842267,
  "sharpe_annualization_days": 365,
  "total_trades": 306,
  "winning_trades": 306.0,
  "losing_trades": 0.0,
  "win_rate": 1.0,
  "avg_win": 89.1991167876952,
  "avg_loss": 0,
  "profit_factor": 0,
  "final_equity": 156875.86880658055,
  "avg_holding_period_hours": 1.9101851851851852,
  "avg_return_per_trade": 0.0012518961849126934
}