{
  "total_return": 0.014962483195849054,
  "total_pnl": 1496.2483195849054,
  "max_drawdown": -0.008590986327736132,
  "sharpe_ratio": 3.8186529588070455,
  "sortino_ratio": 4.726724725407943,
  "sharpe_annualization_days": 365,
  "total_trades": 203,
  "winning_trades": 203.0,
  "losing_trades": 0.0,
  "win_rate": 1.0,
  "avg_win": 2.6298746290552923,
  "avg_loss": 0,
  "profit_factor": 0,
  "final_equity": 101496.2483195849,
  "avg_holding_period_hours": 5.033415435139573,
  "avg_return_per_trade": 0.001642239747814914
}