{
  "total_return": 0.0667589724719814,
  "annual_return": 0.9771131086061491,
  "total_pnl": 6675.89724719814,
  "max_drawdown": -0.025770528693220912,
  "sharpe_ratio": 8.465269360750257,
  "sortino_ratio": 17.7240735846425,
  "calmar_ratio": 37.91591240668588,
  "sharpe_to_dd": 328.4864451763109,
  "ulcer_index": 0.20630963218897663,
  "sharpe_annualization_days": 365,
  "total_trades": 1101,
  "winning_trades": 954.0,
  "losing_trades": 147.0,
  "win_rate": 0.8664850136239782,
  "avg_win": 10.222191553232712,
  "avg_loss": -23.43859465444499,
  "profit_factor": 2.8303717862349673,
  "final_equity": 106675.89724719814,
  "avg_holding_period_hours": 10.310172570390554,
  "avg_return_per_trade": 0.002295464083569169
}