{
  "total_return": 0.04953114888863172,
  "annual_return": 0.6803164118605798,
  "total_pnl": 4953.114888863172,
  "max_drawdown": -0.027908990541922647,
  "sharpe_ratio": 5.812082912389872,
  "sortino_ratio": 12.360649811437542,
  "calmar_ratio": 24.376245741982785,
  "sharpe_to_dd": 208.25127672243923,
  "ulcer_index": 0.27543325644500183,
  "sharpe_annualization_days": 365,
  "total_trades": 992,
  "winning_trades": 915.0,
  "losing_trades": 77.0,
  "win_rate": 0.9223790322580645,
  "avg_win": 7.583476714265605,
  "avg_loss": -26.71040128196252,
  "profit_factor": 3.3737920754065223,
  "final_equity": 104953.11488886317,
  "avg_holding_period_hours": 6.741397849462365,
  "avg_return_per_trade": 0.0016076410864752017
}