{
  "total_return": 0.00022861824877400068,
  "total_pnl": 22.861824877400068,
  "max_drawdown": -0.0008244592314793262,
  "sharpe_ratio": 5.1369255442700625,
  "sortino_ratio": 0.0,
  "sharpe_annualization_days": 365,
  "total_trades": 43,
  "winning_trades": 43.0,
  "losing_trades": 0.0,
  "win_rate": 1.0,
  "avg_win": 1.4514434179269575,
  "avg_loss": 0,
  "profit_factor": 0,
  "final_equity": 100022.8618248774,
  "avg_holding_period_hours": 12.327131782945733,
  "avg_return_per_trade": 0.0016773955800522755
}