{
  "total_return": 0.0036846230565404405,
  "total_pnl": 368.46230565404403,
  "max_drawdown": -0.0039144906544412855,
  "sharpe_ratio": 17.54470976518074,
  "sortino_ratio": 17.54470976518074,
  "sharpe_annualization_days": 365,
  "total_trades": 121,
  "winning_trades": 121.0,
  "losing_trades": 0.0,
  "win_rate": 1.0,
  "avg_win": 4.041560712981594,
  "avg_loss": 0,
  "profit_factor": 0,
  "final_equity": 100368.46230565404,
  "avg_holding_period_hours": 13.240358126721762,
  "avg_return_per_trade": 0.0016259728383022727
}