{
  "total_return": 0.5567541555825923,
  "total_pnl": 55675.415558259236,
  "max_drawdown": -0.18463456195150452,
  "sharpe_ratio": 5.203889003270136,
  "sortino_ratio": 11.968595219498386,
  "sharpe_annualization_days": 365,
  "total_trades": 297,
  "winning_trades": 297.0,
  "losing_trades": 0.0,
  "win_rate": 1.0,
  "avg_win": 89.83398503145611,
  "avg_loss": 0,
  "profit_factor": 0,
  "final_equity": 155675.41555825924,
  "avg_holding_period_hours": 1.8129629629629627,
  "avg_return_per_trade": 0.0012534857628810887
}