{
  "total_return": 0.006094692818045878,
  "total_pnl": 609.4692818045878,
  "max_drawdown": -0.009809013384310115,
  "sharpe_ratio": 3.384445557512117,
  "sortino_ratio": 6.726239234025272,
  "sharpe_annualization_days": 365,
  "total_trades": 69,
  "winning_trades": 69.0,
  "losing_trades": 0.0,
  "win_rate": 1.0,
  "avg_win": 5.174708688807065,
  "avg_loss": 0,
  "profit_factor": 0,
  "final_equity": 100609.46928180459,
  "avg_holding_period_hours": 3.539130434782609,
  "avg_return_per_trade": 0.0013187530350233891
}