{
  "total_return": 0.5601129177161819,
  "total_pnl": 56011.291771618184,
  "max_drawdown": -0.18463456195150396,
  "sharpe_ratio": 5.203889003269916,
  "sortino_ratio": 11.968595219497749,
  "sharpe_annualization_days": 365,
  "total_trades": 302,
  "winning_trades": 302.0,
  "losing_trades": 0.0,
  "win_rate": 1.0,
  "avg_win": 89.24155450591692,
  "avg_loss": 0,
  "profit_factor": 0,
  "final_equity": 156011.29177161818,
  "avg_holding_period_hours": 1.8953090507726273,
  "avg_return_per_trade": 0.0012525909673364796
}