{
  "total_return": 0.5565564562977793,
  "total_pnl": 55655.64562977792,
  "max_drawdown": -0.18463456195150418,
  "sharpe_ratio": 5.295498264564626,
  "sortino_ratio": 11.441058915279653,
  "sharpe_annualization_days": 365,
  "total_trades": 305,
  "winning_trades": 305.0,
  "losing_trades": 0.0,
  "win_rate": 1.0,
  "avg_win": 86.95671955292478,
  "avg_loss": 0,
  "profit_factor": 0,
  "final_equity": 155655.64562977792,
  "avg_holding_period_hours": 1.8902185792349726,
  "avg_return_per_trade": 0.0012520681720367625
}