{
  "total_return": 0.5971105240217398,
  "total_pnl": 59711.052402173984,
  "max_drawdown": -0.18463456195150427,
  "sharpe_ratio": 5.188091141861569,
  "sortino_ratio": 12.28371408946171,
  "sharpe_annualization_days": 365,
  "total_trades": 302,
  "winning_trades": 302.0,
  "losing_trades": 0.0,
  "win_rate": 1.0,
  "avg_win": 92.52364806924713,
  "avg_loss": 0,
  "profit_factor": 0,
  "final_equity": 159711.05240217398,
  "avg_holding_period_hours": 1.8195916114790287,
  "avg_return_per_trade": 0.0012525909673363254
}