{
  "total_return": 0.3817711950100854,
  "total_pnl": 38177.119501008536,
  "max_drawdown": -0.2673135928402489,
  "sharpe_ratio": 3.5512941460661938,
  "sortino_ratio": 3.0290847237161334,
  "sharpe_annualization_days": 365,
  "total_trades": 532,
  "winning_trades": 532.0,
  "losing_trades": 0.0,
  "win_rate": 1.0,
  "avg_win": 60.0548430966268,
  "avg_loss": 0,
  "profit_factor": 0,
  "final_equity": 138177.11950100854,
  "avg_holding_period_hours": 18.41497493734336,
  "avg_return_per_trade": 0.0012446273677985285
}