{
  "total_return": 0.5670413833061687,
  "total_pnl": 56704.13833061687,
  "max_drawdown": -0.1846345619515046,
  "sharpe_ratio": 5.203889003270261,
  "sortino_ratio": 11.968595219498807,
  "sharpe_annualization_days": 365,
  "total_trades": 308,
  "winning_trades": 308.0,
  "losing_trades": 0.0,
  "win_rate": 1.0,
  "avg_win": 88.9559997837499,
  "avg_loss": 0,
  "profit_factor": 0,
  "final_equity": 156704.13833061687,
  "avg_holding_period_hours": 1.9009199134199135,
  "avg_return_per_trade": 0.0012515555610627157
}