{
  "total_return": 0.5559476837402303,
  "total_pnl": 55594.76837402303,
  "max_drawdown": -0.1846345619515039,
  "sharpe_ratio": 5.2038890032699,
  "sortino_ratio": 11.96859521949765,
  "sharpe_annualization_days": 365,
  "total_trades": 298,
  "winning_trades": 298.0,
  "losing_trades": 0.0,
  "win_rate": 1.0,
  "avg_win": 89.37051369378844,
  "avg_loss": 0,
  "profit_factor": 0,
  "final_equity": 155594.76837402303,
  "avg_holding_period_hours": 1.834228187919463,
  "avg_return_per_trade": 0.001253304401636609
}