{
  "total_return": 0.026815044758452276,
  "total_pnl": 2681.5044758452277,
  "max_drawdown": -0.03974639580819419,
  "sharpe_ratio": 5.172114909349907,
  "sortino_ratio": 8.347251804544248,
  "sharpe_annualization_days": 365,
  "total_trades": 21,
  "winning_trades": 17.0,
  "losing_trades": 4.0,
  "win_rate": 0.8095238095238095,
  "avg_win": 124.36963727080641,
  "avg_loss": -23.677724826696476,
  "profit_factor": 22.323553562247966,
  "final_equity": 102681.50447584523,
  "avg_holding_period_hours": 0.30396825396825394,
  "avg_return_per_trade": 0.0019649237828671126
}