{
  "total_return": 0.02199883890983212,
  "annual_return": 1.039100838191847,
  "total_pnl": 2199.883890983212,
  "max_drawdown": -0.2058855131882202,
  "sharpe_ratio": 1.5068136619663812,
  "sortino_ratio": 1.5236548915348693,
  "calmar_ratio": 5.04698374402818,
  "sharpe_to_dd": 7.318696874941631,
  "ulcer_index": 4.918067942437406,
  "sharpe_annualization_days": 365,
  "total_trades": 236,
  "winning_trades": 209.0,
  "losing_trades": 27.0,
  "win_rate": 0.885593220338983,
  "avg_win": 17.717255490105682,
  "avg_loss": -55.697036373056065,
  "profit_factor": 2.462333551605603,
  "final_equity": 102199.88389098321,
  "avg_holding_period_hours": 64.88891242937854,
  "avg_return_per_trade": 0.0025961052418930334
}