{
  "total_return": 0.003510048209852539,
  "total_pnl": 351.0048209852539,
  "max_drawdown": -0.0048190612424241445,
  "sharpe_ratio": 2.783329372137408,
  "sortino_ratio": 2.5590424931490148,
  "sharpe_annualization_days": 365,
  "total_trades": 428,
  "winning_trades": 428.0,
  "losing_trades": 0.0,
  "win_rate": 1.0,
  "avg_win": 1.4116883547583348,
  "avg_loss": 0,
  "profit_factor": 0,
  "final_equity": 100351.00482098525,
  "avg_holding_period_hours": 8.874571651090342,
  "avg_return_per_trade": 0.0008879619924119311
}