{
  "total_return": 0.06433643335023109,
  "total_pnl": 6433.643335023109,
  "max_drawdown": -0.03294974429396182,
  "sharpe_ratio": 4.134319447139653,
  "sortino_ratio": 5.140025649177182,
  "sharpe_annualization_days": 365,
  "total_trades": 203,
  "winning_trades": 203.0,
  "losing_trades": 0.0,
  "win_rate": 1.0,
  "avg_win": 6.765137207326255,
  "avg_loss": 0,
  "profit_factor": 0,
  "final_equity": 106433.64333502311,
  "avg_holding_period_hours": 13.754433497536944,
  "avg_return_per_trade": 0.0016691056939027273
}