{
  "total_return": 0.5550065342133783,
  "total_pnl": 55500.65342133783,
  "max_drawdown": -0.1846345619515039,
  "sharpe_ratio": 5.205005410143457,
  "sortino_ratio": 11.951522313579822,
  "sharpe_annualization_days": 365,
  "total_trades": 298,
  "winning_trades": 298.0,
  "losing_trades": 0.0,
  "win_rate": 1.0,
  "avg_win": 89.28539951888241,
  "avg_loss": 0,
  "profit_factor": 0,
  "final_equity": 155500.65342133783,
  "avg_holding_period_hours": 1.8265659955257272,
  "avg_return_per_trade": 0.0012533044016364346
}