{
  "total_return": 0.5617519302960101,
  "total_pnl": 56175.19302960101,
  "max_drawdown": -0.18463456195150313,
  "sharpe_ratio": 5.351261376375999,
  "sortino_ratio": 10.857821775639144,
  "sharpe_annualization_days": 365,
  "total_trades": 322,
  "winning_trades": 322.0,
  "losing_trades": 0.0,
  "win_rate": 1.0,
  "avg_win": 84.1075402838596,
  "avg_loss": 0,
  "profit_factor": 0,
  "final_equity": 156175.193029601,
  "avg_holding_period_hours": 4.315631469979296,
  "avg_return_per_trade": 0.001260091251679211
}