{
  "total_return": 0.5524278437954816,
  "total_pnl": 55242.78437954816,
  "max_drawdown": -0.18463456195150393,
  "sharpe_ratio": 5.2376871398035165,
  "sortino_ratio": 11.865482649412538,
  "sharpe_annualization_days": 365,
  "total_trades": 298,
  "winning_trades": 298.0,
  "losing_trades": 0.0,
  "win_rate": 1.0,
  "avg_win": 88.62782543904017,
  "avg_loss": 0,
  "profit_factor": 0,
  "final_equity": 155242.78437954816,
  "avg_holding_period_hours": 1.873881431767338,
  "avg_return_per_trade": 0.001253304401636441
}