{
  "total_return": 0.551763270941868,
  "total_pnl": 55176.327094186796,
  "max_drawdown": -0.18463456195150327,
  "sharpe_ratio": 5.2275585518853545,
  "sortino_ratio": 11.88809459521162,
  "sharpe_annualization_days": 365,
  "total_trades": 298,
  "winning_trades": 298.0,
  "losing_trades": 0.0,
  "win_rate": 1.0,
  "avg_win": 88.60477626958345,
  "avg_loss": 0,
  "profit_factor": 0,
  "final_equity": 155176.3270941868,
  "avg_holding_period_hours": 1.873881431767338,
  "avg_return_per_trade": 0.0012533044016364312
}