{
  "total_return": -0.0001063430687537766,
  "total_pnl": -10.63430687537766,
  "max_drawdown": -0.00017158491742971294,
  "sharpe_ratio": -6.538099034952801,
  "sortino_ratio": -12.850143869823857,
  "sharpe_annualization_days": 365,
  "total_trades": 0,
  "winning_trades": 0,
  "losing_trades": 0,
  "win_rate": 0,
  "avg_win": 0,
  "avg_loss": 0,
  "profit_factor": 0,
  "final_equity": 99989.36569312462,
  "avg_holding_period_hours": 0.0,
  "avg_return_per_trade": 0.0
}