{
  "total_return": 0.5796628452369839,
  "total_pnl": 57966.284523698385,
  "max_drawdown": -0.18826682304106204,
  "sharpe_ratio": 5.431261224444367,
  "sortino_ratio": 10.880608333841083,
  "sharpe_annualization_days": 365,
  "total_trades": 309,
  "winning_trades": 309.0,
  "losing_trades": 0.0,
  "win_rate": 1.0,
  "avg_win": 81.68462838667284,
  "avg_loss": 0,
  "profit_factor": 0,
  "final_equity": 157966.28452369838,
  "avg_holding_period_hours": 7.754422869471414,
  "avg_return_per_trade": 0.0012600161036268058
}