{
  "total_return": 0.0055179746770604105,
  "total_pnl": 551.7974677060411,
  "max_drawdown": -0.0017142833957571012,
  "sharpe_ratio": 11.821497870521458,
  "sortino_ratio": 0.0,
  "sharpe_annualization_days": 365,
  "total_trades": 249,
  "winning_trades": 249.0,
  "losing_trades": 0.0,
  "win_rate": 1.0,
  "avg_win": 2.4919870948647946,
  "avg_loss": 0,
  "profit_factor": 0,
  "final_equity": 100551.79746770604,
  "avg_holding_period_hours": 14.636345381526104,
  "avg_return_per_trade": 0.0017293039350356097
}