{
  "total_return": -0.027145272353799956,
  "annual_return": -0.27903872273484376,
  "total_pnl": -2714.5272353799955,
  "max_drawdown": -0.49057566191236374,
  "sharpe_ratio": 0.26451837176625087,
  "sortino_ratio": 0.4292665708921523,
  "calmar_ratio": -0.5687985450543838,
  "sharpe_to_dd": 0.5391999487604102,
  "ulcer_index": 12.271813759996649,
  "sharpe_annualization_days": 365,
  "total_trades": 168,
  "winning_trades": 168.0,
  "losing_trades": 0.0,
  "win_rate": 1.0,
  "avg_win": 20.60734078260551,
  "avg_loss": 0,
  "profit_factor": 0,
  "final_equity": 97285.47276462,
  "avg_holding_period_hours": 27.582440476190474,
  "avg_return_per_trade": 0.0064390902956957315
}