{
  "total_return": 0.0004017365327356674,
  "total_pnl": 40.17365327356674,
  "max_drawdown": -0.0011674913247725742,
  "sharpe_ratio": 5.4498874474069945,
  "sortino_ratio": 0.0,
  "sharpe_annualization_days": 365,
  "total_trades": 47,
  "winning_trades": 47.0,
  "losing_trades": 0.0,
  "win_rate": 1.0,
  "avg_win": 2.063532347916638,
  "avg_loss": 0,
  "profit_factor": 0,
  "final_equity": 100040.17365327357,
  "avg_holding_period_hours": 10.393617021276597,
  "avg_return_per_trade": 0.0016852542767640771
}