{
  "total_return": 0.5506334658845037,
  "total_pnl": 55063.34658845037,
  "max_drawdown": -0.18463456195150374,
  "sharpe_ratio": 5.209582298425642,
  "sortino_ratio": 11.924411218567746,
  "sharpe_annualization_days": 365,
  "total_trades": 298,
  "winning_trades": 298.0,
  "losing_trades": 0.0,
  "win_rate": 1.0,
  "avg_win": 88.56559179713341,
  "avg_loss": 0,
  "profit_factor": 0,
  "final_equity": 155063.34658845037,
  "avg_holding_period_hours": 1.84334451901566,
  "avg_return_per_trade": 0.0012533044016364463
}