{
  "total_return": 0.18204865640026124,
  "annual_return": 1.793804217257994,
  "total_pnl": 18204.865640026124,
  "max_drawdown": -0.29252907372782067,
  "sharpe_ratio": 1.7060422234792771,
  "sortino_ratio": 2.570946372039796,
  "calmar_ratio": 6.132054480598439,
  "sharpe_to_dd": 5.832043296546445,
  "ulcer_index": 11.350975505274938,
  "sharpe_annualization_days": 365,
  "total_trades": 218,
  "winning_trades": 218.0,
  "losing_trades": 0.0,
  "win_rate": 1.0,
  "avg_win": 13.470875325549374,
  "avg_loss": 0,
  "profit_factor": 0,
  "final_equity": 118204.86564002612,
  "avg_holding_period_hours": 75.82255351681957,
  "avg_return_per_trade": 0.004272729352155726
}