{
  "total_return": 0.00696428730842119,
  "total_pnl": 696.428730842119,
  "max_drawdown": -0.09017082140149829,
  "sharpe_ratio": 0.009054407399553089,
  "sortino_ratio": 0.012294569374888107,
  "total_trades": 54,
  "winning_trades": 54.0,
  "losing_trades": 0.0,
  "win_rate": 1.0,
  "avg_win": 0.5801845722231941,
  "avg_loss": 0,
  "profit_factor": 0,
  "final_equity": 100696.42873084212,
  "avg_holding_period_hours": 135.14320987654324,
  "avg_return_per_trade": 0.000497002997003002
}