{
  "total_return": 0.5687834940665262,
  "total_pnl": 56878.34940665262,
  "max_drawdown": -0.1846345619515034,
  "sharpe_ratio": 5.202254844319489,
  "sortino_ratio": 11.992374974601542,
  "sharpe_annualization_days": 365,
  "total_trades": 306,
  "winning_trades": 306.0,
  "losing_trades": 0.0,
  "win_rate": 1.0,
  "avg_win": 89.19935927564511,
  "avg_loss": 0,
  "profit_factor": 0,
  "final_equity": 156878.34940665262,
  "avg_holding_period_hours": 1.9101851851851852,
  "avg_return_per_trade": 0.001251896184912689
}