{
  "total_return": -0.01892132190811244,
  "annual_return": -0.2108519369833266,
  "total_pnl": -1892.132190811244,
  "max_drawdown": -0.4776628558239597,
  "sharpe_ratio": 0.3224669720306107,
  "sortino_ratio": 0.525072335967602,
  "calmar_ratio": -0.4414241853066236,
  "sharpe_to_dd": 0.6750932547902664,
  "ulcer_index": 11.60596584327992,
  "sharpe_annualization_days": 365,
  "total_trades": 179,
  "winning_trades": 179.0,
  "losing_trades": 0.0,
  "win_rate": 1.0,
  "avg_win": 20.610677610174836,
  "avg_loss": 0,
  "profit_factor": 0,
  "final_equity": 98107.86780918876,
  "avg_holding_period_hours": 36.82765363128492,
  "avg_return_per_trade": 0.006112504436925753
}