{
  "total_return": 0.569432791007196,
  "total_pnl": 56943.27910071961,
  "max_drawdown": -0.18463456195150377,
  "sharpe_ratio": 5.203069495335044,
  "sortino_ratio": 11.980688234975743,
  "sharpe_annualization_days": 365,
  "total_trades": 302,
  "winning_trades": 302.0,
  "losing_trades": 0.0,
  "win_rate": 1.0,
  "avg_win": 90.89071099571451,
  "avg_loss": 0,
  "profit_factor": 0,
  "final_equity": 156943.2791007196,
  "avg_holding_period_hours": 1.8497240618101545,
  "avg_return_per_trade": 0.00125259096733632
}