{
  "total_return": 0.555575178530144,
  "total_pnl": 55557.517853014404,
  "max_drawdown": -0.18463456195150518,
  "sharpe_ratio": 5.2038890032698815,
  "sortino_ratio": 11.96859521949755,
  "sharpe_annualization_days": 365,
  "total_trades": 297,
  "winning_trades": 297.0,
  "losing_trades": 0.0,
  "win_rate": 1.0,
  "avg_win": 89.5079181881389,
  "avg_loss": 0,
  "profit_factor": 0,
  "final_equity": 155557.5178530144,
  "avg_holding_period_hours": 1.8129629629629627,
  "avg_return_per_trade": 0.0012534857628810707
}