{
  "total_return": 0.03235934105346925,
  "total_pnl": 3235.934105346925,
  "max_drawdown": -0.12007360062731358,
  "sharpe_ratio": 1.5499851863548766,
  "sortino_ratio": 0.0,
  "sharpe_annualization_days": 365,
  "total_trades": 308,
  "winning_trades": 308.0,
  "losing_trades": 0.0,
  "win_rate": 1.0,
  "avg_win": 64.97288707756019,
  "avg_loss": 0,
  "profit_factor": 0,
  "final_equity": 103235.93410534693,
  "avg_holding_period_hours": 23.546969696969697,
  "avg_return_per_trade": 0.001270772924620798
}