{
  "total_return": 0.5964268144443352,
  "total_pnl": 59642.68144443352,
  "max_drawdown": -0.18463456195150435,
  "sharpe_ratio": 5.186891057574205,
  "sortino_ratio": 12.305834630751686,
  "sharpe_annualization_days": 365,
  "total_trades": 300,
  "winning_trades": 300.0,
  "losing_trades": 0.0,
  "win_rate": 1.0,
  "avg_win": 92.60387078470325,
  "avg_loss": 0,
  "profit_factor": 0,
  "final_equity": 159642.68144443352,
  "avg_holding_period_hours": 1.8284999999999998,
  "avg_return_per_trade": 0.0012529453063720357
}