{
  "total_return": 0.564542242144252,
  "total_pnl": 56454.224214425194,
  "max_drawdown": -0.18463456195150454,
  "sharpe_ratio": 5.2038890032700555,
  "sortino_ratio": 11.968595219497923,
  "sharpe_annualization_days": 365,
  "total_trades": 300,
  "winning_trades": 300.0,
  "losing_trades": 0.0,
  "win_rate": 1.0,
  "avg_win": 90.53090719608797,
  "avg_loss": 0,
  "profit_factor": 0,
  "final_equity": 156454.2242144252,
  "avg_holding_period_hours": 1.8588333333333333,
  "avg_return_per_trade": 0.0012529453063720498
}