{
  "total_return": 0.5771984520186985,
  "total_pnl": 57719.845201869844,
  "max_drawdown": -0.18826682304106185,
  "sharpe_ratio": 5.409809636902043,
  "sortino_ratio": 10.833408547657555,
  "sharpe_annualization_days": 365,
  "total_trades": 309,
  "winning_trades": 309.0,
  "losing_trades": 0.0,
  "win_rate": 1.0,
  "avg_win": 81.09333535966022,
  "avg_loss": 0,
  "profit_factor": 0,
  "final_equity": 157719.84520186984,
  "avg_holding_period_hours": 8.249568500539375,
  "avg_return_per_trade": 0.0012600161036268496
}