{
  "total_return": 0.09339556111397673,
  "total_pnl": 9339.556111397673,
  "max_drawdown": -0.11994281047527343,
  "sharpe_ratio": 2.830866732217044,
  "sortino_ratio": 5.613104084118476,
  "sharpe_annualization_days": 365,
  "total_trades": 381,
  "winning_trades": 381.0,
  "losing_trades": 0.0,
  "win_rate": 1.0,
  "avg_win": 55.61560603678113,
  "avg_loss": 0,
  "profit_factor": 0,
  "final_equity": 109339.55611139767,
  "avg_holding_period_hours": 42.32082239720035,
  "avg_return_per_trade": 0.0012877071133245523
}