{
  "total_return": 0.5526125762033753,
  "total_pnl": 55261.257620337536,
  "max_drawdown": -0.1846345619515052,
  "sharpe_ratio": 5.203889003270151,
  "sortino_ratio": 11.968595219498521,
  "sharpe_annualization_days": 365,
  "total_trades": 295,
  "winning_trades": 295.0,
  "losing_trades": 0.0,
  "win_rate": 1.0,
  "avg_win": 89.06701115741443,
  "avg_loss": 0,
  "profit_factor": 0,
  "final_equity": 155261.25762033754,
  "avg_holding_period_hours": 1.8074576271186442,
  "avg_return_per_trade": 0.0012538521740736556
}