{
  "total_return": 0.5652802613040968,
  "total_pnl": 56528.02613040968,
  "max_drawdown": -0.1846345619515039,
  "sharpe_ratio": 5.203889003270028,
  "sortino_ratio": 11.968595219497914,
  "sharpe_annualization_days": 365,
  "total_trades": 308,
  "winning_trades": 308.0,
  "losing_trades": 0.0,
  "win_rate": 1.0,
  "avg_win": 88.64594908794274,
  "avg_loss": 0,
  "profit_factor": 0,
  "final_equity": 156528.02613040968,
  "avg_holding_period_hours": 1.9009199134199135,
  "avg_return_per_trade": 0.0012515555610624679
}