{
  "total_return": 0.5621807310964283,
  "total_pnl": 56218.073109642835,
  "max_drawdown": -0.1846345619515031,
  "sharpe_ratio": 5.203889003270155,
  "sortino_ratio": 11.968595219498424,
  "sharpe_annualization_days": 365,
  "total_trades": 300,
  "winning_trades": 300.0,
  "losing_trades": 0.0,
  "win_rate": 1.0,
  "avg_win": 90.11145950289873,
  "avg_loss": 0,
  "profit_factor": 0,
  "final_equity": 156218.07310964284,
  "avg_holding_period_hours": 1.8588333333333333,
  "avg_return_per_trade": 0.0012529453063720671
}