{
  "total_return": 0.02365183496030688,
  "total_pnl": 2365.183496030688,
  "max_drawdown": -0.010481709314452308,
  "sharpe_ratio": 0.09818036525594145,
  "sortino_ratio": 0.0414157152116324,
  "total_trades": 207,
  "winning_trades": 207.0,
  "losing_trades": 0.0,
  "win_rate": 1.0,
  "avg_win": 6.1227317552935885,
  "avg_loss": 0,
  "profit_factor": 0,
  "final_equity": 102365.18349603069,
  "avg_holding_period_hours": 9.364653784219003,
  "avg_return_per_trade": 0.0012414429610879732
}