{
  "summary": {
    "total_return": 0.02365183496030688,
    "total_pnl": 2365.183496030688,
    "max_drawdown": -0.010481709314452308,
    "sharpe_ratio": 0.09818036525594145,
    "sortino_ratio": 0.0414157152116324,
    "total_trades": 207.0,
    "win_rate": 1.0,
    "final_equity": 102365.18349603069
  },
  "turnover": {
    "backtest_days": 30.999305555555555,
    "trades_per_day": 6.677568941956586,
    "volume_btc": 8.949689049484444,
    "volume_btc_per_day": 0.2887061141884361
  },
  "orders": {
    "buy_orders": 237.0,
    "sell_orders": 223.0,
    "sell_buy_ratio": 0.9409282700421941
  },
  "holding": {
    "holding_avg_hours": 9.364653784219003,
    "holding_p50_hours": 0.65,
    "holding_p75_hours": 3.0666666666666664,
    "holding_p90_hours": 13.136666666666674,
    "holding_p95_hours": 38.87499999999991,
    "holding_max_hours": 179.03333333333333
  },
  "inventory": {
    "exposure_time_usd_hours": 3944884.7408768963,
    "equity_time_usd_hours": 75803990.15838756,
    "peak_holdings_value_usd": 151417.15331497305,
    "peak_inventory_ratio": 1.5189494842113185,
    "avg_inventory_ratio": 0.05263500007844842
  },
  "efficiency": {
    "pnl_per_exposure_usd_hour": 0.0005995570596835584,
    "pnl_per_exposure_usd_day": 0.0143893694324054
  },
  "notes": {
    "sell_buy_ratio_hint": "If << 1, sells are scarce vs buys -> inventory can accumulate and holding time rises.",
    "pnl_per_exposure_hint": "Proxy for capital efficiency: total_pnl divided by integral of holdings_value over time."
  }
}