{
  "total_return": 0.3445981082302262,
  "total_pnl": 34459.81082302262,
  "max_drawdown": -0.25817362460088555,
  "sharpe_ratio": 4.228431272058392,
  "sortino_ratio": 3.3240656146141174,
  "sharpe_annualization_days": 365,
  "total_trades": 319,
  "winning_trades": 319.0,
  "losing_trades": 0.0,
  "win_rate": 1.0,
  "avg_win": 57.93147554042155,
  "avg_loss": 0,
  "profit_factor": 0,
  "final_equity": 134459.81082302262,
  "avg_holding_period_hours": 12.444043887147334,
  "avg_return_per_trade": 0.0012359590335031612
}