{
  "total_return": 0.5637755473911902,
  "total_pnl": 56377.55473911902,
  "max_drawdown": -0.18463456195150468,
  "sharpe_ratio": 5.203889003270033,
  "sortino_ratio": 11.968595219498141,
  "sharpe_annualization_days": 365,
  "total_trades": 301,
  "winning_trades": 301.0,
  "losing_trades": 0.0,
  "win_rate": 1.0,
  "avg_win": 90.33403406032325,
  "avg_loss": 0,
  "profit_factor": 0,
  "final_equity": 156377.55473911902,
  "avg_holding_period_hours": 1.8101328903654486,
  "avg_return_per_trade": 0.0012527675482511364
}