{
  "total_return": 0.01528730821245088,
  "annual_return": 0.7348769024780148,
  "total_pnl": 1528.730821245088,
  "max_drawdown": -0.015091951353342771,
  "sharpe_ratio": 8.17590172936143,
  "sortino_ratio": 22.90269595137855,
  "calmar_ratio": 48.69329918130463,
  "sharpe_to_dd": 541.7392050863269,
  "ulcer_index": 0.07098163654790939,
  "sharpe_annualization_days": 365,
  "total_trades": 247,
  "winning_trades": 209.0,
  "losing_trades": 38.0,
  "win_rate": 0.8461538461538461,
  "avg_win": 9.609097035425508,
  "avg_loss": -14.402278385618184,
  "profit_factor": 3.6695606264363865,
  "final_equity": 101528.73082124509,
  "avg_holding_period_hours": 3.681983805668016,
  "avg_return_per_trade": 0.002448974116120375
}