{
  "total_return": 0.5530924030508648,
  "total_pnl": 55309.24030508648,
  "max_drawdown": -0.18463456195150305,
  "sharpe_ratio": 5.247479141722919,
  "sortino_ratio": 11.8419637363178,
  "sharpe_annualization_days": 365,
  "total_trades": 298,
  "winning_trades": 298.0,
  "losing_trades": 0.0,
  "win_rate": 1.0,
  "avg_win": 88.65087422312772,
  "avg_loss": 0,
  "profit_factor": 0,
  "final_equity": 155309.24030508648,
  "avg_holding_period_hours": 1.873881431767338,
  "avg_return_per_trade": 0.0012533044016364368
}