{
  "total_return": 0.5914038421565248,
  "total_pnl": 59140.38421565248,
  "max_drawdown": -0.18826682304106304,
  "sharpe_ratio": 5.573914779409457,
  "sortino_ratio": 10.919605316106484,
  "sharpe_annualization_days": 365,
  "total_trades": 329,
  "winning_trades": 329.0,
  "losing_trades": 0.0,
  "win_rate": 1.0,
  "avg_win": 81.24102868549694,
  "avg_loss": 0,
  "profit_factor": 0,
  "final_equity": 159140.38421565248,
  "avg_holding_period_hours": 6.706433637284702,
  "avg_return_per_trade": 0.0012588008018983045
}