{
  "total_return": 0.025100616154229646,
  "total_pnl": 2510.0616154229647,
  "max_drawdown": -0.01106025829021186,
  "sharpe_ratio": 22.462285601729977,
  "sortino_ratio": 0.0,
  "sharpe_annualization_days": 365,
  "total_trades": 22,
  "winning_trades": 22.0,
  "losing_trades": 0.0,
  "win_rate": 1.0,
  "avg_win": 14.787962943079988,
  "avg_loss": 0,
  "profit_factor": 0,
  "final_equity": 102510.06161542296,
  "avg_holding_period_hours": 2.1924242424242424,
  "avg_return_per_trade": 0.0012097752737879701
}