{
  "total_return": 0.08460059947796107,
  "total_pnl": 8460.059947796108,
  "max_drawdown": -0.06882704410517235,
  "sharpe_ratio": 6.606628934428741,
  "sortino_ratio": 8.573760259452593,
  "sharpe_annualization_days": 365,
  "total_trades": 874,
  "winning_trades": 834.0,
  "losing_trades": 40.0,
  "win_rate": 0.954233409610984,
  "avg_win": 12.616892577700215,
  "avg_loss": -53.13642071107229,
  "profit_factor": 4.950694960720867,
  "final_equity": 108460.05994779611,
  "avg_holding_period_hours": 8.837604881769641,
  "avg_return_per_trade": 0.0019636765079272893
}