{
  "total_return": 0.5713912638122344,
  "total_pnl": 57139.12638122344,
  "max_drawdown": -0.18463456195150427,
  "sharpe_ratio": 5.2021326786103534,
  "sortino_ratio": 11.994100415809687,
  "sharpe_annualization_days": 365,
  "total_trades": 302,
  "winning_trades": 302.0,
  "losing_trades": 0.0,
  "win_rate": 1.0,
  "avg_win": 91.00721356329095,
  "avg_loss": 0,
  "profit_factor": 0,
  "final_equity": 157139.12638122344,
  "avg_holding_period_hours": 1.8497240618101545,
  "avg_return_per_trade": 0.0012525909673363185
}