{
  "total_return": -0.0021930881433130708,
  "total_pnl": -219.30881433130708,
  "max_drawdown": -0.010208125852561771,
  "sharpe_ratio": -2.046332253771961,
  "sortino_ratio": -3.5843870010310095,
  "sharpe_annualization_days": 365,
  "total_trades": 44,
  "winning_trades": 44.0,
  "losing_trades": 0.0,
  "win_rate": 1.0,
  "avg_win": 3.034751437986017,
  "avg_loss": 0,
  "profit_factor": 0,
  "final_equity": 99780.6911856687,
  "avg_holding_period_hours": 1.0359848484848484,
  "avg_return_per_trade": 0.0012523560090297865
}