{
  "total_return": 0.5639039746564114,
  "total_pnl": 56390.397465641145,
  "max_drawdown": -0.18463456195150396,
  "sharpe_ratio": 5.203889003270066,
  "sortino_ratio": 11.968595219498056,
  "sharpe_annualization_days": 365,
  "total_trades": 302,
  "winning_trades": 302.0,
  "losing_trades": 0.0,
  "win_rate": 1.0,
  "avg_win": 90.07932860804407,
  "avg_loss": 0,
  "profit_factor": 0,
  "final_equity": 156390.39746564114,
  "avg_holding_period_hours": 1.8497240618101545,
  "avg_return_per_trade": 0.001252590967336322
}