{
  "total_return": 0.5846407337684114,
  "total_pnl": 58464.073376841145,
  "max_drawdown": -0.18826682304106188,
  "sharpe_ratio": 5.502988641543066,
  "sortino_ratio": 10.760908221267934,
  "sharpe_annualization_days": 365,
  "total_trades": 334,
  "winning_trades": 334.0,
  "losing_trades": 0.0,
  "win_rate": 1.0,
  "avg_win": 78.77996926208992,
  "avg_loss": 0,
  "profit_factor": 0,
  "final_equity": 158464.07337684114,
  "avg_holding_period_hours": 7.670708582834332,
  "avg_return_per_trade": 0.001257912168815687
}