{
  "total_return": 0.17544194574148875,
  "annual_return": 1.692834518352905,
  "total_pnl": 17544.194574148874,
  "max_drawdown": -0.06527780145868033,
  "sharpe_ratio": 6.06957636198849,
  "sortino_ratio": 7.284639080752277,
  "calmar_ratio": 25.932774703272425,
  "sharpe_to_dd": 92.98071053802911,
  "ulcer_index": 0.6075133347961603,
  "sharpe_annualization_days": 365,
  "total_trades": 2564,
  "winning_trades": 2350.0,
  "losing_trades": 214.0,
  "win_rate": 0.9165366614664586,
  "avg_win": 9.967760498659235,
  "avg_loss": -28.16029462561443,
  "profit_factor": 3.8869995381845026,
  "final_equity": 117544.19457414887,
  "avg_holding_period_hours": 12.586212948517941,
  "avg_return_per_trade": 0.002687212169578053
}