{
  "total_return": 0.5662029825718399,
  "total_pnl": 56620.29825718398,
  "max_drawdown": -0.18463456195150382,
  "sharpe_ratio": 5.2038890032701435,
  "sortino_ratio": 11.96859521949853,
  "sharpe_annualization_days": 365,
  "total_trades": 302,
  "winning_trades": 302.0,
  "losing_trades": 0.0,
  "win_rate": 1.0,
  "avg_win": 90.46380119092753,
  "avg_loss": 0,
  "profit_factor": 0,
  "final_equity": 156620.29825718398,
  "avg_holding_period_hours": 1.8497240618101545,
  "avg_return_per_trade": 0.0012525909673363274
}