{
  "total_return": 0.5922293815103394,
  "total_pnl": 59222.938151033944,
  "max_drawdown": -0.18826682304106268,
  "sharpe_ratio": 5.583516855477505,
  "sortino_ratio": 11.258391572891922,
  "sharpe_annualization_days": 365,
  "total_trades": 324,
  "winning_trades": 324.0,
  "losing_trades": 0.0,
  "win_rate": 1.0,
  "avg_win": 82.69522404525827,
  "avg_loss": 0,
  "profit_factor": 0,
  "final_equity": 159222.93815103394,
  "avg_holding_period_hours": 5.141460905349794,
  "avg_return_per_trade": 0.001259716861927944
}