{
  "total_return": -0.030536588454427402,
  "annual_return": -0.08296278818337521,
  "total_pnl": -3053.65884544274,
  "max_drawdown": -0.03594247225394671,
  "sharpe_ratio": -2.802248662114268,
  "sortino_ratio": -2.268274849314229,
  "calmar_ratio": -2.308210397916225,
  "sharpe_to_dd": -77.96482785923452,
  "ulcer_index": 0.8341284058411901,
  "sharpe_annualization_days": 365,
  "total_trades": 129,
  "winning_trades": 62.0,
  "losing_trades": 67.0,
  "win_rate": 0.4806201550387597,
  "avg_win": 4.16304331807359,
  "avg_loss": -49.6556569044493,
  "profit_factor": 0.07758166307221487,
  "final_equity": 96946.34115455726,
  "avg_holding_period_hours": 11.90142118863049,
  "avg_return_per_trade": -0.011734670914565015
}