{
  "total_return": 0.03715031866990408,
  "total_pnl": 3715.031866990408,
  "max_drawdown": -0.011886552258305847,
  "sharpe_ratio": 0.12447473356142734,
  "sortino_ratio": 0.057444980925354,
  "total_trades": 234,
  "winning_trades": 234.0,
  "losing_trades": 0.0,
  "win_rate": 1.0,
  "avg_win": 6.887695519944328,
  "avg_loss": 0,
  "profit_factor": 0,
  "final_equity": 103715.03186699041,
  "avg_holding_period_hours": 14.650356125356126,
  "avg_return_per_trade": 0.0012738292195000737
}