{
  "total_return": 0.5647604436799115,
  "total_pnl": 56476.044367991155,
  "max_drawdown": -0.18463456195150377,
  "sharpe_ratio": 5.20388900327009,
  "sortino_ratio": 11.968595219498313,
  "sharpe_annualization_days": 365,
  "total_trades": 308,
  "winning_trades": 308.0,
  "losing_trades": 0.0,
  "win_rate": 1.0,
  "avg_win": 88.56725560627662,
  "avg_loss": 0,
  "profit_factor": 0,
  "final_equity": 156476.04436799116,
  "avg_holding_period_hours": 1.9009199134199135,
  "avg_return_per_trade": 0.0012515555610624737
}