{
  "total_return": 0.07947045655302892,
  "annual_return": 3.2095814982733124,
  "total_pnl": 7947.045655302893,
  "max_drawdown": -0.06882704397221097,
  "sharpe_ratio": 6.39376410210598,
  "sortino_ratio": 8.003340429929745,
  "calmar_ratio": 46.632563495959324,
  "sharpe_to_dd": 92.89610207126536,
  "ulcer_index": 0.7006063595499746,
  "sharpe_annualization_days": 365,
  "total_trades": 873,
  "winning_trades": 832.0,
  "losing_trades": 41.0,
  "win_rate": 0.9530355097365406,
  "avg_win": 12.43905999073002,
  "avg_loss": -54.36677195391668,
  "profit_factor": 4.6429444167414315,
  "final_equity": 107947.04565530289,
  "avg_holding_period_hours": 8.657350133638793,
  "avg_return_per_trade": 0.0018852990526702813
}