{
  "total_return": 0.5886061862820142,
  "total_pnl": 58860.618628201424,
  "max_drawdown": -0.18826682304106213,
  "sharpe_ratio": 5.539812184759229,
  "sortino_ratio": 10.8333863840432,
  "sharpe_annualization_days": 365,
  "total_trades": 329,
  "winning_trades": 329.0,
  "losing_trades": 0.0,
  "win_rate": 1.0,
  "avg_win": 80.76992012273683,
  "avg_loss": 0,
  "profit_factor": 0,
  "final_equity": 158860.61862820142,
  "avg_holding_period_hours": 6.888196555217833,
  "avg_return_per_trade": 0.0012588008018982243
}