{
  "total_return": 0.5625436374514015,
  "total_pnl": 56254.363745140145,
  "max_drawdown": -0.18463456195150452,
  "sharpe_ratio": 5.203889003270068,
  "sortino_ratio": 11.968595219498205,
  "sharpe_annualization_days": 365,
  "total_trades": 304,
  "winning_trades": 304.0,
  "losing_trades": 0.0,
  "win_rate": 1.0,
  "avg_win": 89.2989865020093,
  "avg_loss": 0,
  "profit_factor": 0,
  "final_equity": 156254.36374514014,
  "avg_holding_period_hours": 1.8993969298245612,
  "avg_return_per_trade": 0.0012522412906568134
}