{
  "total_return": 0.0020736354417732216,
  "total_pnl": 207.36354417732218,
  "max_drawdown": -0.0025161650505786306,
  "sharpe_ratio": 16.80307496051475,
  "sortino_ratio": 16.80307496051475,
  "sharpe_annualization_days": 365,
  "total_trades": 125,
  "winning_trades": 125.0,
  "losing_trades": 0.0,
  "win_rate": 1.0,
  "avg_win": 2.3007342199746033,
  "avg_loss": 0,
  "profit_factor": 0,
  "final_equity": 100207.36354417732,
  "avg_holding_period_hours": 12.899599999999996,
  "avg_return_per_trade": 0.0016251186720836538
}