{
  "total_return": 0.004207587541414978,
  "total_pnl": 420.7587541414978,
  "max_drawdown": -0.007147783975790959,
  "sharpe_ratio": 3.0407562914148074,
  "sortino_ratio": 5.689796964660369,
  "sharpe_annualization_days": 365,
  "total_trades": 65,
  "winning_trades": 65.0,
  "losing_trades": 0.0,
  "win_rate": 1.0,
  "avg_win": 3.4437205920177627,
  "avg_loss": 0,
  "profit_factor": 0,
  "final_equity": 100420.7587541415,
  "avg_holding_period_hours": 3.7517948717948717,
  "avg_return_per_trade": 0.0017361154663890744
}