{
  "total_return": 0.5674979654420447,
  "total_pnl": 56749.796544204466,
  "max_drawdown": -0.18463456195150516,
  "sharpe_ratio": 5.2038890032699685,
  "sortino_ratio": 11.96859521949808,
  "sharpe_annualization_days": 365,
  "total_trades": 308,
  "winning_trades": 308.0,
  "losing_trades": 0.0,
  "win_rate": 1.0,
  "avg_win": 89.02060430311803,
  "avg_loss": 0,
  "profit_factor": 0,
  "final_equity": 156749.79654420447,
  "avg_holding_period_hours": 1.9009199134199135,
  "avg_return_per_trade": 0.001251555561062713
}