{
  "total_return": 0.3446484876526508,
  "total_pnl": 34464.84876526508,
  "max_drawdown": -0.25135070781937185,
  "sharpe_ratio": 4.2402604234790555,
  "sortino_ratio": 2.9789783706424666,
  "sharpe_annualization_days": 365,
  "total_trades": 344,
  "winning_trades": 344.0,
  "losing_trades": 0.0,
  "win_rate": 1.0,
  "avg_win": 52.433925718870384,
  "avg_loss": 0,
  "profit_factor": 0,
  "final_equity": 134464.84876526508,
  "avg_holding_period_hours": 13.805038759689923,
  "avg_return_per_trade": 0.0012374845220592
}