{
  "total_return": 0.5625361478736648,
  "total_pnl": 56253.614787366474,
  "max_drawdown": -0.18463456195150474,
  "sharpe_ratio": 5.20388900326999,
  "sortino_ratio": 11.96859521949792,
  "sharpe_annualization_days": 365,
  "total_trades": 304,
  "winning_trades": 304.0,
  "losing_trades": 0.0,
  "win_rate": 1.0,
  "avg_win": 89.29721237551283,
  "avg_loss": 0,
  "profit_factor": 0,
  "final_equity": 156253.61478736647,
  "avg_holding_period_hours": 1.8993969298245612,
  "avg_return_per_trade": 0.001252241290656809
}