{
  "total_return": 0.011823253955890832,
  "total_pnl": 1182.3253955890832,
  "max_drawdown": -0.09108643639898686,
  "sharpe_ratio": 0.012811769478546065,
  "sortino_ratio": 0.017462172795606586,
  "total_trades": 136,
  "winning_trades": 136.0,
  "losing_trades": 0.0,
  "win_rate": 1.0,
  "avg_win": 0.04717655852616954,
  "avg_loss": 0,
  "profit_factor": 0,
  "final_equity": 101182.32539558908,
  "avg_holding_period_hours": 122.04166666666667,
  "avg_return_per_trade": 0.0002998000399919443
}