{
  "total_return": 0.5657086724299321,
  "total_pnl": 56570.867242993205,
  "max_drawdown": -0.1846345619515044,
  "sharpe_ratio": 5.203889003270193,
  "sortino_ratio": 11.968595219498741,
  "sharpe_annualization_days": 365,
  "total_trades": 302,
  "winning_trades": 302.0,
  "losing_trades": 0.0,
  "win_rate": 1.0,
  "avg_win": 90.34327233727413,
  "avg_loss": 0,
  "profit_factor": 0,
  "final_equity": 156570.8672429932,
  "avg_holding_period_hours": 1.8497240618101545,
  "avg_return_per_trade": 0.0012525909673363291
}