{
  "total_return": 0.011189581856871956,
  "total_pnl": 1118.9581856871955,
  "max_drawdown": -0.0051791283687221785,
  "sharpe_ratio": 22.479579617057404,
  "sortino_ratio": 0.0,
  "sharpe_annualization_days": 365,
  "total_trades": 26,
  "winning_trades": 26.0,
  "losing_trades": 0.0,
  "win_rate": 1.0,
  "avg_win": 5.260610790490248,
  "avg_loss": 0,
  "profit_factor": 0,
  "final_equity": 101118.9581856872,
  "avg_holding_period_hours": 1.083974358974359,
  "avg_return_per_trade": 0.0012081852488942317
}