{
  "total_return": 0.5668367684385297,
  "total_pnl": 56683.67684385297,
  "max_drawdown": -0.18463456195150404,
  "sharpe_ratio": 5.203889003270091,
  "sortino_ratio": 11.968595219498257,
  "sharpe_annualization_days": 365,
  "total_trades": 302,
  "winning_trades": 302.0,
  "losing_trades": 0.0,
  "win_rate": 1.0,
  "avg_win": 90.61534548582469,
  "avg_loss": 0,
  "profit_factor": 0,
  "final_equity": 156683.67684385297,
  "avg_holding_period_hours": 1.8497240618101545,
  "avg_return_per_trade": 0.0012525909673363278
}