{
  "total_return": 0.5643161450946925,
  "total_pnl": 56431.61450946925,
  "max_drawdown": -0.1846345619515045,
  "sharpe_ratio": 5.203889003269889,
  "sortino_ratio": 11.96859521949756,
  "sharpe_annualization_days": 365,
  "total_trades": 300,
  "winning_trades": 300.0,
  "losing_trades": 0.0,
  "win_rate": 1.0,
  "avg_win": 90.52031381940833,
  "avg_loss": 0,
  "profit_factor": 0,
  "final_equity": 156431.61450946925,
  "avg_holding_period_hours": 1.8588333333333333,
  "avg_return_per_trade": 0.0012529453063720379
}