{
  "total_return": -0.004857397655219975,
  "total_pnl": -485.73976552199747,
  "max_drawdown": -0.015471680638543822,
  "sharpe_ratio": -5.310564890918185,
  "sortino_ratio": -6.426473496322492,
  "sharpe_annualization_days": 365,
  "total_trades": 27,
  "winning_trades": 27.0,
  "losing_trades": 0.0,
  "win_rate": 1.0,
  "avg_win": 3.3206566363369245,
  "avg_loss": 0,
  "profit_factor": 0,
  "final_equity": 99514.260234478,
  "avg_holding_period_hours": 3.306172839506173,
  "avg_return_per_trade": 0.001601273767511579
}