{
  "total_return": 0.5618744713975896,
  "total_pnl": 56187.447139758966,
  "max_drawdown": -0.1846345619515039,
  "sharpe_ratio": 5.20388900327027,
  "sortino_ratio": 11.968595219498878,
  "sharpe_annualization_days": 365,
  "total_trades": 305,
  "winning_trades": 305.0,
  "losing_trades": 0.0,
  "win_rate": 1.0,
  "avg_win": 88.71652650872588,
  "avg_loss": 0,
  "profit_factor": 0,
  "final_equity": 156187.44713975897,
  "avg_holding_period_hours": 1.9020765027322404,
  "avg_return_per_trade": 0.0012520681720376299
}