{
  "total_return": 0.5548896265221236,
  "total_pnl": 55488.96265221236,
  "max_drawdown": -0.1846345619515032,
  "sharpe_ratio": 5.203889003270379,
  "sortino_ratio": 11.968595219499123,
  "sharpe_annualization_days": 365,
  "total_trades": 295,
  "winning_trades": 295.0,
  "losing_trades": 0.0,
  "win_rate": 1.0,
  "avg_win": 89.73994297062737,
  "avg_loss": 0,
  "profit_factor": 0,
  "final_equity": 155488.96265221236,
  "avg_holding_period_hours": 1.8219774011299437,
  "avg_return_per_trade": 0.0012538521740736476
}