{
  "total_return": 0.0046230167823968805,
  "total_pnl": 462.30167823968804,
  "max_drawdown": -0.002138367824209543,
  "sharpe_ratio": 22.488396277699984,
  "sortino_ratio": 0.0,
  "sharpe_annualization_days": 365,
  "total_trades": 18,
  "winning_trades": 18.0,
  "losing_trades": 0.0,
  "win_rate": 1.0,
  "avg_win": 2.896143539715821,
  "avg_loss": 0,
  "profit_factor": 0,
  "final_equity": 100462.30167823969,
  "avg_holding_period_hours": 1.1870370370370371,
  "avg_return_per_trade": 0.001611561702307435
}