{
  "total_return": 0.0026588437266126855,
  "total_pnl": 265.88437266126857,
  "max_drawdown": -0.003488535493715107,
  "sharpe_ratio": 9.008929674896784,
  "sortino_ratio": 0.0,
  "sharpe_annualization_days": 365,
  "total_trades": 169,
  "winning_trades": 169.0,
  "losing_trades": 0.0,
  "win_rate": 1.0,
  "avg_win": 2.4690791057320634,
  "avg_loss": 0,
  "profit_factor": 0,
  "final_equity": 100265.88437266127,
  "avg_holding_period_hours": 7.2835305719921095,
  "avg_return_per_trade": 0.0016461970591766914
}