{
  "total_return": 0.553648429391809,
  "total_pnl": 55364.842939180904,
  "max_drawdown": -0.18463456195150318,
  "sharpe_ratio": 5.205368212725077,
  "sortino_ratio": 11.945812145131908,
  "sharpe_annualization_days": 365,
  "total_trades": 295,
  "winning_trades": 295.0,
  "losing_trades": 0.0,
  "win_rate": 1.0,
  "avg_win": 89.8044495353221,
  "avg_loss": 0,
  "profit_factor": 0,
  "final_equity": 155364.8429391809,
  "avg_holding_period_hours": 1.8219774011299437,
  "avg_return_per_trade": 0.0012538521740736391
}