{
  "total_return": 0.020855668229110887,
  "total_pnl": 2085.566822911089,
  "max_drawdown": -0.01745852627582083,
  "sharpe_ratio": 2.414969133898639,
  "sortino_ratio": 3.1051819264953515,
  "sharpe_annualization_days": 365,
  "total_trades": 73,
  "winning_trades": 73.0,
  "losing_trades": 0.0,
  "win_rate": 1.0,
  "avg_win": 7.1270389819993625,
  "avg_loss": 0,
  "profit_factor": 0,
  "final_equity": 102085.56682291109,
  "avg_holding_period_hours": 3.325570776255708,
  "avg_return_per_trade": 0.0012157340333807769
}