{
  "total_return": 0.5543672140432057,
  "total_pnl": 55436.72140432056,
  "max_drawdown": -0.18460761916414611,
  "sharpe_ratio": 5.27328404954312,
  "sortino_ratio": 11.466319454262443,
  "sharpe_annualization_days": 365,
  "total_trades": 298,
  "winning_trades": 298.0,
  "losing_trades": 0.0,
  "win_rate": 1.0,
  "avg_win": 88.37597072565339,
  "avg_loss": 0,
  "profit_factor": 0,
  "final_equity": 155436.72140432056,
  "avg_holding_period_hours": 1.9044183445190157,
  "avg_return_per_trade": 0.001253304401636435
}