{
  "total_return": 0.5618891375267017,
  "total_pnl": 56188.91375267017,
  "max_drawdown": -0.18463456195150418,
  "sharpe_ratio": 5.203889003269987,
  "sortino_ratio": 11.96859521949806,
  "sharpe_annualization_days": 365,
  "total_trades": 299,
  "winning_trades": 299.0,
  "losing_trades": 0.0,
  "win_rate": 1.0,
  "avg_win": 90.32459491766865,
  "avg_loss": 0,
  "profit_factor": 0,
  "final_equity": 156188.91375267017,
  "avg_holding_period_hours": 1.8190078037904125,
  "avg_return_per_trade": 0.001253124253510487
}