{
  "total_return": 0.5694470267841604,
  "total_pnl": 56944.70267841604,
  "max_drawdown": -0.18463456195150388,
  "sharpe_ratio": 5.203061508097459,
  "sortino_ratio": 11.980804391299651,
  "sharpe_annualization_days": 365,
  "total_trades": 302,
  "winning_trades": 302.0,
  "losing_trades": 0.0,
  "win_rate": 1.0,
  "avg_win": 90.89154040292289,
  "avg_loss": 0,
  "profit_factor": 0,
  "final_equity": 156944.70267841604,
  "avg_holding_period_hours": 1.8497240618101545,
  "avg_return_per_trade": 0.0012525909673363291
}