{
  "total_return": 0.5553318949675281,
  "total_pnl": 55533.189496752806,
  "max_drawdown": -0.1846345619515044,
  "sharpe_ratio": 5.203889003270293,
  "sortino_ratio": 11.968595219498741,
  "sharpe_annualization_days": 365,
  "total_trades": 298,
  "winning_trades": 298.0,
  "losing_trades": 0.0,
  "win_rate": 1.0,
  "avg_win": 88.9080743321229,
  "avg_loss": 0,
  "profit_factor": 0,
  "final_equity": 155533.1894967528,
  "avg_holding_period_hours": 1.8265659955257272,
  "avg_return_per_trade": 0.0012533044016364403
}