{
  "total_return": 0.5566688714899507,
  "total_pnl": 55666.88714899507,
  "max_drawdown": -0.184634561951504,
  "sharpe_ratio": 5.2038890032701595,
  "sortino_ratio": 11.968595219498502,
  "sharpe_annualization_days": 365,
  "total_trades": 297,
  "winning_trades": 297.0,
  "losing_trades": 0.0,
  "win_rate": 1.0,
  "avg_win": 89.7936328299342,
  "avg_loss": 0,
  "profit_factor": 0,
  "final_equity": 155666.88714899507,
  "avg_holding_period_hours": 1.8129629629629627,
  "avg_return_per_trade": 0.0012534857628810827
}