{
  "total_return": 0.558622555867827,
  "total_pnl": 55862.2555867827,
  "max_drawdown": -0.18463456195150485,
  "sharpe_ratio": 5.319174534005945,
  "sortino_ratio": 11.305388111982996,
  "sharpe_annualization_days": 365,
  "total_trades": 313,
  "winning_trades": 313.0,
  "losing_trades": 0.0,
  "win_rate": 1.0,
  "avg_win": 85.2721020430374,
  "avg_loss": 0,
  "profit_factor": 0,
  "final_equity": 155862.2555867827,
  "avg_holding_period_hours": 2.0699680511182112,
  "avg_return_per_trade": 0.001250723045901716
}