{
  "total_return": 0.5556850098325871,
  "total_pnl": 55568.50098325871,
  "max_drawdown": -0.18463456195150454,
  "sharpe_ratio": 5.2038890032701834,
  "sortino_ratio": 11.96859521949841,
  "sharpe_annualization_days": 365,
  "total_trades": 298,
  "winning_trades": 298.0,
  "losing_trades": 0.0,
  "win_rate": 1.0,
  "avg_win": 89.07580247020263,
  "avg_loss": 0,
  "profit_factor": 0,
  "final_equity": 155568.5009832587,
  "avg_holding_period_hours": 1.8265659955257272,
  "avg_return_per_trade": 0.0012533044016364249
}