{
  "total_return": 0.5522562294378062,
  "total_pnl": 55225.62294378062,
  "max_drawdown": -0.18463456195150363,
  "sharpe_ratio": 5.238333149362644,
  "sortino_ratio": 11.812461528652776,
  "sharpe_annualization_days": 365,
  "total_trades": 298,
  "winning_trades": 298.0,
  "losing_trades": 0.0,
  "win_rate": 1.0,
  "avg_win": 88.51330345568691,
  "avg_loss": 0,
  "profit_factor": 0,
  "final_equity": 155225.62294378062,
  "avg_holding_period_hours": 1.873881431767338,
  "avg_return_per_trade": 0.0012533044016364338
}