{
  "total_return": 0.5602084340918506,
  "total_pnl": 56020.843409185065,
  "max_drawdown": -0.18463456195150468,
  "sharpe_ratio": 5.203889003270132,
  "sortino_ratio": 11.968595219498248,
  "sharpe_annualization_days": 365,
  "total_trades": 299,
  "winning_trades": 299.0,
  "losing_trades": 0.0,
  "win_rate": 1.0,
  "avg_win": 89.99635383476748,
  "avg_loss": 0,
  "profit_factor": 0,
  "final_equity": 156020.84340918506,
  "avg_holding_period_hours": 1.820847268673356,
  "avg_return_per_trade": 0.0012531242535104915
}