{
  "total_return": 0.007601012188825116,
  "total_pnl": 760.1012188825116,
  "max_drawdown": -0.09082490234409629,
  "sharpe_ratio": 0.009540229944788184,
  "sortino_ratio": 0.012989859920141237,
  "total_trades": 106,
  "winning_trades": 106.0,
  "losing_trades": 0.0,
  "win_rate": 1.0,
  "avg_win": 0.4188430302914491,
  "avg_loss": 0,
  "profit_factor": 0,
  "final_equity": 100760.10121888251,
  "avg_holding_period_hours": 108.10943396226415,
  "avg_return_per_trade": 0.0007996000799840439
}