{
  "total_return": 0.0018402580562775256,
  "total_pnl": 184.02580562775256,
  "max_drawdown": -0.004810503675223032,
  "sharpe_ratio": 1.9848022588163348,
  "sortino_ratio": 3.3008066389492785,
  "sharpe_annualization_days": 365,
  "total_trades": 81,
  "winning_trades": 81.0,
  "losing_trades": 0.0,
  "win_rate": 1.0,
  "avg_win": 1.3266774780984933,
  "avg_loss": 0,
  "profit_factor": 0,
  "final_equity": 100184.02580562775,
  "avg_holding_period_hours": 4.129012345679012,
  "avg_return_per_trade": 0.0013005754252057226
}