{
  "total_return": 0.005178323043279524,
  "total_pnl": 517.8323043279524,
  "max_drawdown": -0.0016405060396441034,
  "sharpe_ratio": 10.321377048166115,
  "sortino_ratio": 0.0,
  "sharpe_annualization_days": 365,
  "total_trades": 238,
  "winning_trades": 238.0,
  "losing_trades": 0.0,
  "win_rate": 1.0,
  "avg_win": 2.2671737912101917,
  "avg_loss": 0,
  "profit_factor": 0,
  "final_equity": 100517.83230432795,
  "avg_holding_period_hours": 20.99082633053221,
  "avg_return_per_trade": 0.0017004627492208887
}