{
  "total_return": 0.5568621087129949,
  "total_pnl": 55686.210871299496,
  "max_drawdown": -0.18463456195150404,
  "sharpe_ratio": 5.203889003269856,
  "sortino_ratio": 11.9685952194977,
  "sharpe_annualization_days": 365,
  "total_trades": 297,
  "winning_trades": 297.0,
  "losing_trades": 0.0,
  "win_rate": 1.0,
  "avg_win": 89.78015147070747,
  "avg_loss": 0,
  "profit_factor": 0,
  "final_equity": 155686.2108712995,
  "avg_holding_period_hours": 1.8129629629629627,
  "avg_return_per_trade": 0.0012534857628810738
}