{
  "total_return": 0.3012680652594031,
  "total_pnl": 30126.80652594031,
  "max_drawdown": -0.5475907378443093,
  "sharpe_ratio": 1.08569581710169,
  "sortino_ratio": 1.9817188959805787,
  "sharpe_annualization_days": 365,
  "total_trades": 26,
  "winning_trades": 26.0,
  "losing_trades": 0.0,
  "win_rate": 1.0,
  "avg_win": 35.17559667317437,
  "avg_loss": 0,
  "profit_factor": 0,
  "final_equity": 130126.80652594031,
  "avg_holding_period_hours": 4.357051282051281,
  "avg_return_per_trade": 0.001199440111977618
}