{
  "total_return": 0.061851536507950805,
  "annual_return": 0.9045946357412127,
  "total_pnl": 6185.1536507950805,
  "max_drawdown": -0.027889961922597937,
  "sharpe_ratio": 8.152993632887803,
  "sortino_ratio": 17.93670488434724,
  "calmar_ratio": 32.43441630546874,
  "sharpe_to_dd": 292.3271697363564,
  "ulcer_index": 0.1910414882096222,
  "sharpe_annualization_days": 365,
  "total_trades": 1089,
  "winning_trades": 944.0,
  "losing_trades": 145.0,
  "win_rate": 0.8668503213957759,
  "avg_win": 9.71064238970037,
  "avg_loss": -23.066916648006472,
  "profit_factor": 2.7407057223570814,
  "final_equity": 106185.15365079508,
  "avg_holding_period_hours": 10.35018365472911,
  "avg_return_per_trade": 0.0022238964749024845
}