{
  "total_return": 0.557698010216467,
  "total_pnl": 55769.80102164671,
  "max_drawdown": -0.18463456195150338,
  "sharpe_ratio": 5.205005410143425,
  "sortino_ratio": 11.951522313579634,
  "sharpe_annualization_days": 365,
  "total_trades": 301,
  "winning_trades": 301.0,
  "losing_trades": 0.0,
  "win_rate": 1.0,
  "avg_win": 88.98069602473434,
  "avg_loss": 0,
  "profit_factor": 0,
  "final_equity": 155769.8010216467,
  "avg_holding_period_hours": 1.870874861572536,
  "avg_return_per_trade": 0.0012527675482511304
}