{
  "total_return": 0.17407457639939763,
  "annual_return": 1.6735137136054523,
  "total_pnl": 17407.457639939763,
  "max_drawdown": -0.06476104190092047,
  "sharpe_ratio": 6.0305800048628955,
  "sortino_ratio": 7.891956572758429,
  "calmar_ratio": 25.84136487744905,
  "sharpe_to_dd": 93.12049077421005,
  "ulcer_index": 0.6146985466358666,
  "sharpe_annualization_days": 365,
  "total_trades": 2600,
  "winning_trades": 2382.0,
  "losing_trades": 218.0,
  "win_rate": 0.9161538461538462,
  "avg_win": 9.673418574314907,
  "avg_loss": -27.67908839708487,
  "profit_factor": 3.8186817111150546,
  "final_equity": 117407.45763993976,
  "avg_holding_period_hours": 12.382403846153846,
  "avg_return_per_trade": 0.0025905488580285187
}