{
  "total_return": 0.046513114393259745,
  "annual_return": 1.0445626179340883,
  "total_pnl": 4651.311439325975,
  "max_drawdown": -0.2574213975970922,
  "sharpe_ratio": 1.2714009649733686,
  "sortino_ratio": 1.6972571760309894,
  "calmar_ratio": 4.0577925055360184,
  "sharpe_to_dd": 4.938987111566091,
  "ulcer_index": 5.472991218787952,
  "sharpe_annualization_days": 365,
  "total_trades": 581,
  "winning_trades": 514.0,
  "losing_trades": 67.0,
  "win_rate": 0.8846815834767642,
  "avg_win": 13.351999134458621,
  "avg_loss": -36.89676870903996,
  "profit_factor": 2.776171413861777,
  "final_equity": 104651.31143932597,
  "avg_holding_period_hours": 45.68697647733792,
  "avg_return_per_trade": 0.0017887184725293034
}