{
  "total_return": 0.553942748894298,
  "total_pnl": 55394.2748894298,
  "max_drawdown": -0.18463456195150418,
  "sharpe_ratio": 5.2038890032698975,
  "sortino_ratio": 11.968595219497654,
  "sharpe_annualization_days": 365,
  "total_trades": 298,
  "winning_trades": 298.0,
  "losing_trades": 0.0,
  "win_rate": 1.0,
  "avg_win": 88.74411947032735,
  "avg_loss": 0,
  "profit_factor": 0,
  "final_equity": 155394.2748894298,
  "avg_holding_period_hours": 1.8265659955257272,
  "avg_return_per_trade": 0.001253304401636426
}