{
  "total_return": 0.5611965609586984,
  "total_pnl": 56119.65609586984,
  "max_drawdown": -0.1846345619515039,
  "sharpe_ratio": 5.203889003270027,
  "sortino_ratio": 11.968595219497995,
  "sharpe_annualization_days": 365,
  "total_trades": 301,
  "winning_trades": 301.0,
  "losing_trades": 0.0,
  "win_rate": 1.0,
  "avg_win": 89.8459940411363,
  "avg_loss": 0,
  "profit_factor": 0,
  "final_equity": 156119.65609586984,
  "avg_holding_period_hours": 1.8326135105204873,
  "avg_return_per_trade": 0.0012527675482511445
}