{
  "total_return": 0.552283891746113,
  "total_pnl": 55228.38917461131,
  "max_drawdown": -0.18463456195150318,
  "sharpe_ratio": 5.2053682127250855,
  "sortino_ratio": 11.945812145131995,
  "sharpe_annualization_days": 365,
  "total_trades": 298,
  "winning_trades": 298.0,
  "losing_trades": 0.0,
  "win_rate": 1.0,
  "avg_win": 88.67430054315246,
  "avg_loss": 0,
  "profit_factor": 0,
  "final_equity": 155228.3891746113,
  "avg_holding_period_hours": 1.84334451901566,
  "avg_return_per_trade": 0.0012533044016364413
}