{
  "total_return": 0.5863517827927566,
  "total_pnl": 58635.17827927566,
  "max_drawdown": -0.18826682304106285,
  "sharpe_ratio": 5.524408451684679,
  "sortino_ratio": 10.809253831804025,
  "sharpe_annualization_days": 365,
  "total_trades": 329,
  "winning_trades": 329.0,
  "losing_trades": 0.0,
  "win_rate": 1.0,
  "avg_win": 79.88695201216284,
  "avg_loss": 0,
  "profit_factor": 0,
  "final_equity": 158635.17827927566,
  "avg_holding_period_hours": 6.715349544072949,
  "avg_return_per_trade": 0.0012588008018983158
}