{
  "total_return": 0.024024823395120475,
  "annual_return": 1.371014399100924,
  "total_pnl": 2402.4823395120475,
  "max_drawdown": -0.024782891300054486,
  "sharpe_ratio": 8.8065872693561,
  "sortino_ratio": 8.8065872693561,
  "calmar_ratio": 55.32100280397509,
  "sharpe_to_dd": 355.3494692258421,
  "ulcer_index": 0.0,
  "sharpe_annualization_days": 365,
  "total_trades": 248,
  "winning_trades": 211.0,
  "losing_trades": 37.0,
  "win_rate": 0.8508064516129032,
  "avg_win": 15.758942633752609,
  "avg_loss": -23.695187962805914,
  "profit_factor": 3.7926926298412824,
  "final_equity": 102402.48233951205,
  "avg_holding_period_hours": 3.787096774193548,
  "avg_return_per_trade": 0.002578220267783522
}