{
  "total_return": 0.01638624589090672,
  "total_pnl": 1638.624589090672,
  "max_drawdown": -0.09005714155379851,
  "sharpe_ratio": 0.016422847429023127,
  "sortino_ratio": 0.02233136369842098,
  "total_trades": 42,
  "winning_trades": 42.0,
  "losing_trades": 0.0,
  "win_rate": 1.0,
  "avg_win": 2.2457611736797003,
  "avg_loss": 0,
  "profit_factor": 0,
  "final_equity": 101638.62458909067,
  "avg_holding_period_hours": 147.65079365079364,
  "avg_return_per_trade": 0.001994005994006027
}