{
  "total_return": 0.014656975939491093,
  "total_pnl": 1465.6975939491094,
  "max_drawdown": -0.0910078901000377,
  "sharpe_ratio": 0.01501004612839012,
  "sortino_ratio": 0.020451326502761134,
  "total_trades": 143,
  "winning_trades": 143.0,
  "losing_trades": 0.0,
  "win_rate": 1.0,
  "avg_win": 0.14582002779620618,
  "avg_loss": 0,
  "profit_factor": 0,
  "final_equity": 101465.69759394911,
  "avg_holding_period_hours": 115.68228438228438,
  "avg_return_per_trade": 0.0004997200559887367
}