{
  "total_return": 0.5667185888742515,
  "total_pnl": 56671.85888742516,
  "max_drawdown": -0.1846345619515043,
  "sharpe_ratio": 5.203889003270099,
  "sortino_ratio": 11.968595219498424,
  "sharpe_annualization_days": 365,
  "total_trades": 302,
  "winning_trades": 302.0,
  "losing_trades": 0.0,
  "win_rate": 1.0,
  "avg_win": 90.58886061570546,
  "avg_loss": 0,
  "profit_factor": 0,
  "final_equity": 156671.85888742516,
  "avg_holding_period_hours": 1.8497240618101545,
  "avg_return_per_trade": 0.0012525909673363267
}