{
  "total_return": 0.5531996907315869,
  "total_pnl": 55319.96907315869,
  "max_drawdown": -0.1846345619515046,
  "sharpe_ratio": 5.203889003269981,
  "sortino_ratio": 11.968595219497923,
  "sharpe_annualization_days": 365,
  "total_trades": 295,
  "winning_trades": 295.0,
  "losing_trades": 0.0,
  "win_rate": 1.0,
  "avg_win": 89.22853795579184,
  "avg_loss": 0,
  "profit_factor": 0,
  "final_equity": 155319.9690731587,
  "avg_holding_period_hours": 1.8074576271186442,
  "avg_return_per_trade": 0.0012538521740736504
}