{
  "total_return": 0.5678264622065018,
  "total_pnl": 56782.646220650175,
  "max_drawdown": -0.1846345619515036,
  "sharpe_ratio": 5.203889003270049,
  "sortino_ratio": 11.968595219498154,
  "sharpe_annualization_days": 365,
  "total_trades": 302,
  "winning_trades": 302.0,
  "losing_trades": 0.0,
  "win_rate": 1.0,
  "avg_win": 90.79093915773169,
  "avg_loss": 0,
  "profit_factor": 0,
  "final_equity": 156782.64622065017,
  "avg_holding_period_hours": 1.8497240618101545,
  "avg_return_per_trade": 0.001252590967336331
}