{
  "total_return": 0.554143625420907,
  "total_pnl": 55414.362542090705,
  "max_drawdown": -0.18463456195150427,
  "sharpe_ratio": 5.203889003270018,
  "sortino_ratio": 11.968595219498107,
  "sharpe_annualization_days": 365,
  "total_trades": 295,
  "winning_trades": 295.0,
  "losing_trades": 0.0,
  "win_rate": 1.0,
  "avg_win": 89.50849168263397,
  "avg_loss": 0,
  "profit_factor": 0,
  "final_equity": 155414.3625420907,
  "avg_holding_period_hours": 1.8219774011299437,
  "avg_return_per_trade": 0.0012538521740736368
}