{
  "total_return": 0.0032553976271042485,
  "total_pnl": 325.53976271042484,
  "max_drawdown": -0.0013616331573626861,
  "sharpe_ratio": 22.490634963182366,
  "sortino_ratio": 0.0,
  "sharpe_annualization_days": 365,
  "total_trades": 18,
  "winning_trades": 18.0,
  "losing_trades": 0.0,
  "win_rate": 1.0,
  "avg_win": 3.6904605020843695,
  "avg_loss": 0,
  "profit_factor": 0,
  "final_equity": 100325.53976271042,
  "avg_holding_period_hours": 1.1870370370370371,
  "avg_return_per_trade": 0.0016115617023074267
}