{
  "total_return": 0.5547301846290263,
  "total_pnl": 55473.01846290263,
  "max_drawdown": -0.18463456195150404,
  "sharpe_ratio": 5.271460365444953,
  "sortino_ratio": 11.58085517913088,
  "sharpe_annualization_days": 365,
  "total_trades": 298,
  "winning_trades": 298.0,
  "losing_trades": 0.0,
  "win_rate": 1.0,
  "avg_win": 88.71980400955619,
  "avg_loss": 0,
  "profit_factor": 0,
  "final_equity": 155473.01846290263,
  "avg_holding_period_hours": 1.873881431767338,
  "avg_return_per_trade": 0.0012533044016364405
}