{
  "total_return": 0.02522684501888667,
  "total_pnl": 2522.684501888667,
  "max_drawdown": -0.09103637359299535,
  "sharpe_ratio": 0.023123502013382074,
  "sortino_ratio": 0.03147875010794787,
  "total_trades": 92,
  "winning_trades": 92.0,
  "losing_trades": 0.0,
  "win_rate": 1.0,
  "avg_win": 0.36575033295020776,
  "avg_loss": 0,
  "profit_factor": 0,
  "final_equity": 102522.68450188867,
  "avg_holding_period_hours": 128.40126811594203,
  "avg_return_per_trade": 0.001199440111977639
}