{
  "total_return": -0.18184019905341411,
  "total_pnl": -18184.019905341367,
  "sharpe_ratio": -11.20056000302299,
  "sortino_ratio": -15.661923328498736,
  "max_drawdown": -0.2881591000103694,
  "total_trades": 1,
  "winning_trades": 0,
  "losing_trades": 1,
  "win_rate": 0.0,
  "avg_win": 0.0,
  "avg_loss": -0.18936663639482054,
  "profit_factor": 0.0
}