{
  "total_return": 0.5590366203019814,
  "total_pnl": 55903.662030198146,
  "max_drawdown": -0.1846345619515049,
  "sharpe_ratio": 5.203889003269837,
  "sortino_ratio": 11.968595219497407,
  "sharpe_annualization_days": 365,
  "total_trades": 299,
  "winning_trades": 299.0,
  "losing_trades": 0.0,
  "win_rate": 1.0,
  "avg_win": 89.80147958302392,
  "avg_loss": 0,
  "profit_factor": 0,
  "final_equity": 155903.66203019815,
  "avg_holding_period_hours": 1.841638795986622,
  "avg_return_per_trade": 0.0012531242535104895
}