{
  "total_return": 0.5524563894943497,
  "total_pnl": 55245.63894943497,
  "max_drawdown": -0.1846345619515041,
  "sharpe_ratio": 5.203889003270204,
  "sortino_ratio": 11.968595219498743,
  "sharpe_annualization_days": 365,
  "total_trades": 298,
  "winning_trades": 298.0,
  "losing_trades": 0.0,
  "win_rate": 1.0,
  "avg_win": 88.34178703780151,
  "avg_loss": 0,
  "profit_factor": 0,
  "final_equity": 155245.63894943497,
  "avg_holding_period_hours": 1.84334451901566,
  "avg_return_per_trade": 0.0012533044016364257
}