{
  "total_return": 0.5563184960511304,
  "total_pnl": 55631.849605113035,
  "max_drawdown": -0.18463456195150488,
  "sharpe_ratio": 5.20388900326996,
  "sortino_ratio": 11.968595219497892,
  "sharpe_annualization_days": 365,
  "total_trades": 297,
  "winning_trades": 297.0,
  "losing_trades": 0.0,
  "win_rate": 1.0,
  "avg_win": 89.69833266619001,
  "avg_loss": 0,
  "profit_factor": 0,
  "final_equity": 155631.84960511304,
  "avg_holding_period_hours": 1.8129629629629627,
  "avg_return_per_trade": 0.0012534857628810825
}