{
  "total_return": -0.0006674018864094979,
  "total_pnl": -66.74018864094978,
  "max_drawdown": -0.004130716917254541,
  "sharpe_ratio": -2.054037637056749,
  "sortino_ratio": -3.5961958794695077,
  "sharpe_annualization_days": 365,
  "total_trades": 75,
  "winning_trades": 75.0,
  "losing_trades": 0.0,
  "win_rate": 1.0,
  "avg_win": 1.0986608151851893,
  "avg_loss": 0,
  "profit_factor": 0,
  "final_equity": 99933.25981135905,
  "avg_holding_period_hours": 0.8540000000000002,
  "avg_return_per_trade": 0.0009251601977378403
}