{
  "total_return": 0.5616464502615517,
  "total_pnl": 56164.645026155165,
  "max_drawdown": -0.1846345619515033,
  "sharpe_ratio": 5.35075605464451,
  "sortino_ratio": 10.888143349682702,
  "sharpe_annualization_days": 365,
  "total_trades": 321,
  "winning_trades": 321.0,
  "losing_trades": 0.0,
  "win_rate": 1.0,
  "avg_win": 84.48503061570295,
  "avg_loss": 0,
  "profit_factor": 0,
  "final_equity": 156164.64502615517,
  "avg_holding_period_hours": 4.23956386292835,
  "avg_return_per_trade": 0.0012602801960396497
}