{
  "total_return": 0.5928483112209372,
  "total_pnl": 59284.83112209372,
  "max_drawdown": -0.18826682304106243,
  "sharpe_ratio": 5.5833413768714,
  "sortino_ratio": 10.924134498806202,
  "sharpe_annualization_days": 365,
  "total_trades": 329,
  "winning_trades": 329.0,
  "losing_trades": 0.0,
  "win_rate": 1.0,
  "avg_win": 81.77390031125678,
  "avg_loss": 0,
  "profit_factor": 0,
  "final_equity": 159284.83112209372,
  "avg_holding_period_hours": 6.565906788247214,
  "avg_return_per_trade": 0.001258800801898328
}