{
  "total_return": 0.5636505129478686,
  "total_pnl": 56365.051294786856,
  "max_drawdown": -0.18463456195150477,
  "sharpe_ratio": 5.203889003270102,
  "sortino_ratio": 11.968595219498365,
  "sharpe_annualization_days": 365,
  "total_trades": 300,
  "winning_trades": 300.0,
  "losing_trades": 0.0,
  "win_rate": 1.0,
  "avg_win": 90.45870787550699,
  "avg_loss": 0,
  "profit_factor": 0,
  "final_equity": 156365.05129478686,
  "avg_holding_period_hours": 1.8588333333333333,
  "avg_return_per_trade": 0.0012529453063720541
}