{
  "total_return": 0.5533109002306639,
  "total_pnl": 55331.09002306638,
  "max_drawdown": -0.1846345619515041,
  "sharpe_ratio": 5.2038890032701435,
  "sortino_ratio": 11.968595219498589,
  "sharpe_annualization_days": 365,
  "total_trades": 298,
  "winning_trades": 298.0,
  "losing_trades": 0.0,
  "win_rate": 1.0,
  "avg_win": 88.68900868984875,
  "avg_loss": 0,
  "profit_factor": 0,
  "final_equity": 155331.09002306638,
  "avg_holding_period_hours": 1.834228187919463,
  "avg_return_per_trade": 0.001253304401636588
}