{
  "total_return": 0.016931611148437078,
  "total_pnl": 1693.1611148437078,
  "max_drawdown": -0.0910567053283705,
  "sharpe_ratio": 0.016758104530611145,
  "sortino_ratio": 0.02283130460339309,
  "total_trades": 132,
  "winning_trades": 132.0,
  "losing_trades": 0.0,
  "win_rate": 1.0,
  "avg_win": 0.07939542079464243,
  "avg_loss": 0,
  "profit_factor": 0,
  "final_equity": 101693.16111484371,
  "avg_holding_period_hours": 138.0030303030303,
  "avg_return_per_trade": 0.000499720055988718
}