{
  "total_return": 0.562584575320048,
  "total_pnl": 56258.4575320048,
  "max_drawdown": -0.18463456195150435,
  "sharpe_ratio": 5.203889003270226,
  "sortino_ratio": 11.968595219498653,
  "sharpe_annualization_days": 365,
  "total_trades": 305,
  "winning_trades": 305.0,
  "losing_trades": 0.0,
  "win_rate": 1.0,
  "avg_win": 89.01996730008567,
  "avg_loss": 0,
  "profit_factor": 0,
  "final_equity": 156258.4575320048,
  "avg_holding_period_hours": 1.8942076502732241,
  "avg_return_per_trade": 0.0012520681720376314
}