{
  "total_return": -0.002257794133816642,
  "total_pnl": -225.7794133816642,
  "max_drawdown": -0.0071540711958979685,
  "sharpe_ratio": -5.48895394669224,
  "sortino_ratio": -6.449784452534216,
  "sharpe_annualization_days": 365,
  "total_trades": 76,
  "winning_trades": 76.0,
  "losing_trades": 0.0,
  "win_rate": 1.0,
  "avg_win": 0.647320155979626,
  "avg_loss": 0,
  "profit_factor": 0,
  "final_equity": 99774.22058661834,
  "avg_holding_period_hours": 2.234649122807017,
  "avg_return_per_trade": 0.0008223433637633173
}