{
  "total_return": 0.5607445688633691,
  "total_pnl": 56074.456886336906,
  "max_drawdown": -0.1846345619515038,
  "sharpe_ratio": 5.203889003270033,
  "sortino_ratio": 11.968595219498088,
  "sharpe_annualization_days": 365,
  "total_trades": 299,
  "winning_trades": 299.0,
  "losing_trades": 0.0,
  "win_rate": 1.0,
  "avg_win": 90.20681338257491,
  "avg_loss": 0,
  "profit_factor": 0,
  "final_equity": 156074.4568863369,
  "avg_holding_period_hours": 1.8190078037904125,
  "avg_return_per_trade": 0.0012531242535104856
}