{
  "total_return": 0.05949269417957083,
  "total_pnl": 5949.269417957083,
  "max_drawdown": -0.013797798426541634,
  "sharpe_ratio": 21.612394936946544,
  "sortino_ratio": 0.0,
  "sharpe_annualization_days": 365,
  "total_trades": 0,
  "winning_trades": 0,
  "losing_trades": 0,
  "win_rate": 0,
  "avg_win": 0,
  "avg_loss": 0,
  "profit_factor": 0,
  "final_equity": 105949.26941795708,
  "avg_holding_period_hours": 0.0,
  "avg_return_per_trade": 0.0
}