{
  "summary": {
    "total_return": 0.5705585467520659,
    "total_pnl": 57055.85467520659,
    "max_drawdown": -0.1801047872386006,
    "sharpe_ratio": 5.587106165200974,
    "sortino_ratio": 11.160084347790754,
    "total_trades": 328.0,
    "win_rate": 1.0,
    "final_equity": 157055.8546752066
  },
  "turnover": {
    "backtest_days": 30.999305555555555,
    "trades_per_day": 10.580882188221063,
    "volume_btc": 185.86427018281796,
    "volume_btc_per_day": 5.99575593232953
  },
  "orders": {
    "buy_orders": 362.0,
    "sell_orders": 333.0,
    "sell_buy_ratio": 0.919889502762431
  },
  "holding": {
    "holding_avg_hours": 5.960060975609756,
    "holding_p50_hours": 0.32499999999999996,
    "holding_p75_hours": 1.4666666666666666,
    "holding_p90_hours": 6.540000000000002,
    "holding_p95_hours": 26.95,
    "holding_max_hours": 126.8
  },
  "inventory": {
    "exposure_time_usd_hours": 223232330.91682503,
    "equity_time_usd_hours": 94373520.25479802,
    "peak_holdings_value_usd": 1062193.1868868123,
    "peak_inventory_ratio": 8.671416938711234,
    "avg_inventory_ratio": 2.1594864873282664
  },
  "efficiency": {
    "pnl_per_exposure_usd_hour": 0.00025558956644351505,
    "pnl_per_exposure_usd_day": 0.006134149594644362
  },
  "notes": {
    "sell_buy_ratio_hint": "If << 1, sells are scarce vs buys -> inventory can accumulate and holding time rises.",
    "pnl_per_exposure_hint": "Proxy for capital efficiency: total_pnl divided by integral of holdings_value over time."
  }
}