{
  "total_return": 0.16253170793458818,
  "total_pnl": 16253.17079345882,
  "max_drawdown": -0.18242585412048015,
  "sharpe_ratio": 1.0063343159706672,
  "sortino_ratio": 1.5385313897160073,
  "sharpe_annualization_days": 365,
  "total_trades": 181,
  "winning_trades": 181.0,
  "losing_trades": 0.0,
  "win_rate": 1.0,
  "avg_win": 69.39380530768415,
  "avg_loss": 0,
  "profit_factor": 0,
  "final_equity": 116253.17079345882,
  "avg_holding_period_hours": 11.945856353591159,
  "avg_return_per_trade": 0.0012517055703632357
}