{
  "trial": 114,
  "range_top_band_start": 0.45,
  "range_buy_k": 0.5,
  "range_buy_floor": 0.9,
  "range_sell_k": 2.0,
  "range_sell_cap": 4.0,
  "sharpe_ratio": 5.5833413768714,
  "sortino_ratio": 10.924134498806202,
  "max_drawdown": -0.18826682304106243,
  "total_return": 0.5928483112209372,
  "total_trades": 329.0,
  "avg_holding_period_hours": 6.565906788247214,
  "output_dir": "run\\results_lean_taogrid_range_pos_v2_sweep\\trial_114"
}