{
  "trial": 136,
  "range_top_band_start": 0.45,
  "range_buy_k": 1.2,
  "range_buy_floor": 0.5,
  "range_sell_k": 0.7,
  "range_sell_cap": 3.0,
  "sharpe_ratio": 5.569659115328385,
  "sortino_ratio": 11.161940999577094,
  "max_drawdown": -0.18010478723860116,
  "total_return": 0.5685893749739637,
  "total_trades": 324.0,
  "avg_holding_period_hours": 6.220267489711935,
  "output_dir": "run\\results_lean_taogrid_range_pos_v2_sweep\\trial_136"
}