{
  "trial": 15,
  "range_top_band_start": 0.48,
  "range_buy_k": 1.6,
  "range_buy_floor": 0.5,
  "range_sell_k": 0.0,
  "range_sell_cap": 1.2,
  "sharpe_ratio": 5.238333149362644,
  "sortino_ratio": 11.812461528652776,
  "max_drawdown": -0.18463456195150363,
  "total_return": 0.5522562294378062,
  "total_trades": 298.0,
  "avg_holding_period_hours": 1.873881431767338,
  "output_dir": "run\\results_lean_taogrid_range_pos_v2_sweep\\trial_015"
}