{
  "trial": 1,
  "range_top_band_start": 0.5,
  "range_buy_k": 2.0,
  "range_buy_floor": 0.5,
  "range_sell_k": 0.3,
  "range_sell_cap": 6.0,
  "sharpe_ratio": 5.209582298425642,
  "sortino_ratio": 11.924411218567746,
  "max_drawdown": -0.18463456195150374,
  "total_return": 0.5506334658845037,
  "total_trades": 298.0,
  "avg_holding_period_hours": 1.84334451901566,
  "output_dir": "run\\results_lean_taogrid_range_pos_v2_sweep\\trial_001"
}