{
  "trial": 96,
  "range_top_band_start": 0.48,
  "range_buy_k": 0.8,
  "range_buy_floor": 0.3,
  "range_sell_k": 1.5,
  "range_sell_cap": 1.5,
  "sharpe_ratio": 5.319174534005945,
  "sortino_ratio": 11.305388111982996,
  "max_drawdown": -0.18463456195150485,
  "total_return": 0.558622555867827,
  "total_trades": 313.0,
  "avg_holding_period_hours": 2.0699680511182112,
  "output_dir": "run\\results_lean_taogrid_range_pos_v2_sweep\\trial_096"
}