{
  "trial": 115,
  "range_top_band_start": 0.45,
  "range_buy_k": 0.2,
  "range_buy_floor": 0.3,
  "range_sell_k": 0.0,
  "range_sell_cap": 1.5,
  "sharpe_ratio": 5.236176105641799,
  "sortino_ratio": 11.809083217950036,
  "max_drawdown": -0.18462378452468597,
  "total_return": 0.5520042996015854,
  "total_trades": 298.0,
  "avg_holding_period_hours": 1.873881431767338,
  "output_dir": "run\\results_lean_taogrid_range_pos_v2_sweep\\trial_115"
}