{
  "trial": 9,
  "range_top_band_start": 0.5,
  "range_buy_k": 0.8,
  "range_buy_floor": 0.5,
  "range_sell_k": 1.0,
  "range_sell_cap": 3.0,
  "sharpe_ratio": 5.217098575174844,
  "sortino_ratio": 11.909784554315033,
  "max_drawdown": -0.18463456195150446,
  "total_return": 0.5510986844906129,
  "total_trades": 298.0,
  "avg_holding_period_hours": 1.873881431767338,
  "output_dir": "run\\results_lean_taogrid_range_pos_v2_sweep\\trial_009"
}