{
  "trial": 81,
  "range_top_band_start": 0.45,
  "range_buy_k": 0.5,
  "range_buy_floor": 0.5,
  "range_sell_k": 1.0,
  "range_sell_cap": 2.0,
  "sharpe_ratio": 5.581625549140899,
  "sortino_ratio": 11.227559779045224,
  "max_drawdown": -0.18010478723860113,
  "total_return": 0.5696483737215411,
  "total_trades": 327.0,
  "avg_holding_period_hours": 5.653109072375127,
  "output_dir": "run\\results_lean_taogrid_range_pos_v2_sweep\\trial_081"
}