{
  "trial": 85,
  "range_top_band_start": 0.48,
  "range_buy_k": 0.0,
  "range_buy_floor": 0.2,
  "range_sell_k": 2.0,
  "range_sell_cap": 1.2,
  "sharpe_ratio": 5.329653232068388,
  "sortino_ratio": 10.9849478113834,
  "max_drawdown": -0.18463456195150457,
  "total_return": 0.5595679950151546,
  "total_trades": 316.0,
  "avg_holding_period_hours": 2.0322257383966247,
  "output_dir": "run\\results_lean_taogrid_range_pos_v2_sweep\\trial_085"
}