{
  "trial": 21,
  "range_top_band_start": 0.45,
  "range_buy_k": 0.0,
  "range_buy_floor": 0.4,
  "range_sell_k": 0.7,
  "range_sell_cap": 1.2,
  "sharpe_ratio": 5.577981824258287,
  "sortino_ratio": 11.39306907225175,
  "max_drawdown": -0.18010478723860118,
  "total_return": 0.5692626390349865,
  "total_trades": 323.0,
  "avg_holding_period_hours": 3.8360681114551087,
  "output_dir": "run\\results_lean_taogrid_range_pos_v2_sweep\\trial_021"
}