{
  "trial": 137,
  "range_top_band_start": 0.5,
  "range_buy_k": 0.0,
  "range_buy_floor": 0.2,
  "range_sell_k": 4.0,
  "range_sell_cap": 3.0,
  "sharpe_ratio": 5.247479141722919,
  "sortino_ratio": 11.8419637363178,
  "max_drawdown": -0.18463456195150305,
  "total_return": 0.5530924030508648,
  "total_trades": 298.0,
  "avg_holding_period_hours": 1.873881431767338,
  "output_dir": "run\\results_lean_taogrid_range_pos_v2_sweep\\trial_137"
}