{
  "trial": 65,
  "range_top_band_start": 0.45,
  "range_buy_k": 1.2,
  "range_buy_floor": 0.5,
  "range_sell_k": 3.0,
  "range_sell_cap": 2.0,
  "sharpe_ratio": 5.44678199945406,
  "sortino_ratio": 10.917923236113289,
  "max_drawdown": -0.188266823041063,
  "total_return": 0.5812833675067383,
  "total_trades": 324.0,
  "avg_holding_period_hours": 8.135905349794239,
  "output_dir": "run\\results_lean_taogrid_range_pos_v2_sweep\\trial_065"
}