{
  "trial": 127,
  "range_top_band_start": 0.45,
  "range_buy_k": 1.2,
  "range_buy_floor": 0.5,
  "range_sell_k": 0.0,
  "range_sell_cap": 3.0,
  "sharpe_ratio": 5.2967350200239425,
  "sortino_ratio": 10.898177377186117,
  "max_drawdown": -0.18456990362767645,
  "total_return": 0.5559813348786359,
  "total_trades": 317.0,
  "avg_holding_period_hours": 2.5266561514195587,
  "output_dir": "run\\results_lean_taogrid_range_pos_v2_sweep\\trial_127"
}