{
  "trial": 139,
  "range_top_band_start": 0.45,
  "range_buy_k": 0.2,
  "range_buy_floor": 0.2,
  "range_sell_k": 1.5,
  "range_sell_cap": 1.5,
  "sharpe_ratio": 5.587106165200974,
  "sortino_ratio": 11.160084347790754,
  "max_drawdown": -0.1801047872386006,
  "total_return": 0.5705585467520659,
  "total_trades": 328.0,
  "avg_holding_period_hours": 5.960060975609756,
  "output_dir": "run\\results_lean_taogrid_range_pos_v2_sweep\\trial_139"
}