{
  "trial": 75,
  "range_top_band_start": 0.45,
  "range_buy_k": 0.0,
  "range_buy_floor": 0.9,
  "range_sell_k": 2.0,
  "range_sell_cap": 3.0,
  "sharpe_ratio": 5.580002189812263,
  "sortino_ratio": 10.969817818485017,
  "max_drawdown": -0.18010478723860118,
  "total_return": 0.5700658269451861,
  "total_trades": 329.0,
  "avg_holding_period_hours": 6.642350557244173,
  "output_dir": "run\\results_lean_taogrid_range_pos_v2_sweep\\trial_075"
}