{
  "trial": 60,
  "range_top_band_start": 0.45,
  "range_buy_k": 0.2,
  "range_buy_floor": 0.2,
  "range_sell_k": 4.0,
  "range_sell_cap": 4.0,
  "sharpe_ratio": 5.431261224444367,
  "sortino_ratio": 10.880608333841083,
  "max_drawdown": -0.18826682304106204,
  "total_return": 0.5796628452369839,
  "total_trades": 309.0,
  "avg_holding_period_hours": 7.754422869471414,
  "output_dir": "run\\results_lean_taogrid_range_pos_v2_sweep\\trial_060"
}