{
  "trial": 39,
  "range_top_band_start": 0.45,
  "range_buy_k": 1.6,
  "range_buy_floor": 0.2,
  "range_sell_k": 0.3,
  "range_sell_cap": 3.0,
  "sharpe_ratio": 5.583516855477505,
  "sortino_ratio": 11.258391572891922,
  "max_drawdown": -0.18826682304106268,
  "total_return": 0.5922293815103394,
  "total_trades": 324.0,
  "avg_holding_period_hours": 5.141460905349794,
  "output_dir": "run\\results_lean_taogrid_range_pos_v2_sweep\\trial_039"
}