{
  "trial": 121,
  "range_top_band_start": 0.45,
  "range_buy_k": 3.0,
  "range_buy_floor": 0.7,
  "range_sell_k": 1.5,
  "range_sell_cap": 1.5,
  "sharpe_ratio": 5.502988641543066,
  "sortino_ratio": 10.760908221267934,
  "max_drawdown": -0.18826682304106188,
  "total_return": 0.5846407337684114,
  "total_trades": 334.0,
  "avg_holding_period_hours": 7.670708582834332,
  "output_dir": "run\\results_lean_taogrid_range_pos_v2_sweep\\trial_121"
}