{
  "trial": 58,
  "range_top_band_start": 0.45,
  "range_buy_k": 0.5,
  "range_buy_floor": 0.5,
  "range_sell_k": 0.0,
  "range_sell_cap": 1.5,
  "sharpe_ratio": 5.27328404954312,
  "sortino_ratio": 11.466319454262443,
  "max_drawdown": -0.18460761916414611,
  "total_return": 0.5543672140432057,
  "total_trades": 298.0,
  "avg_holding_period_hours": 1.9044183445190157,
  "output_dir": "run\\results_lean_taogrid_range_pos_v2_sweep\\trial_058"
}