{
  "trial": 29,
  "range_top_band_start": 0.48,
  "range_buy_k": 1.2,
  "range_buy_floor": 0.9,
  "range_sell_k": 1.0,
  "range_sell_cap": 4.0,
  "sharpe_ratio": 5.30859873150798,
  "sortino_ratio": 11.384239589521691,
  "max_drawdown": -0.18463456195150427,
  "total_return": 0.557745519133166,
  "total_trades": 306.0,
  "avg_holding_period_hours": 1.9103485838779959,
  "output_dir": "run\\results_lean_taogrid_range_pos_v2_sweep\\trial_029"
}