{
  "trial": 4,
  "range_top_band_start": 0.45,
  "range_buy_k": 3.0,
  "range_buy_floor": 0.3,
  "range_sell_k": 1.0,
  "range_sell_cap": 1.2,
  "sharpe_ratio": 5.524408451684679,
  "sortino_ratio": 10.809253831804025,
  "max_drawdown": -0.18826682304106285,
  "total_return": 0.5863517827927566,
  "total_trades": 329.0,
  "avg_holding_period_hours": 6.715349544072949,
  "output_dir": "run\\results_lean_taogrid_range_pos_v2_sweep\\trial_004"
}