{
  "trial": 28,
  "range_top_band_start": 0.48,
  "range_buy_k": 0.2,
  "range_buy_floor": 0.5,
  "range_sell_k": 1.0,
  "range_sell_cap": 2.5,
  "sharpe_ratio": 5.297677674312452,
  "sortino_ratio": 11.463650410968457,
  "max_drawdown": -0.18463456195150563,
  "total_return": 0.556799736497039,
  "total_trades": 298.0,
  "avg_holding_period_hours": 1.9044183445190157,
  "output_dir": "run\\results_lean_taogrid_range_pos_v2_sweep\\trial_028"
}