{
  "trial": 17,
  "range_top_band_start": 0.48,
  "range_buy_k": 0.0,
  "range_buy_floor": 0.4,
  "range_sell_k": 0.7,
  "range_sell_cap": 6.0,
  "sharpe_ratio": 5.271460365444953,
  "sortino_ratio": 11.58085517913088,
  "max_drawdown": -0.18463456195150404,
  "total_return": 0.5547301846290263,
  "total_trades": 298.0,
  "avg_holding_period_hours": 1.873881431767338,
  "output_dir": "run\\results_lean_taogrid_range_pos_v2_sweep\\trial_017"
}