{
  "trial": 40,
  "range_top_band_start": 0.48,
  "range_buy_k": 0.5,
  "range_buy_floor": 0.2,
  "range_sell_k": 0.3,
  "range_sell_cap": 3.0,
  "sharpe_ratio": 5.245410516695807,
  "sortino_ratio": 11.808517034517308,
  "max_drawdown": -0.18463456195150404,
  "total_return": 0.5528446892960719,
  "total_trades": 298.0,
  "avg_holding_period_hours": 1.873881431767338,
  "output_dir": "run\\results_lean_taogrid_range_pos_v2_sweep\\trial_040"
}