{
  "trial": 59,
  "range_top_band_start": 0.5,
  "range_buy_k": 1.6,
  "range_buy_floor": 0.9,
  "range_sell_k": 3.0,
  "range_sell_cap": 2.5,
  "sharpe_ratio": 5.2376871398035165,
  "sortino_ratio": 11.865482649412538,
  "max_drawdown": -0.18463456195150393,
  "total_return": 0.5524278437954816,
  "total_trades": 298.0,
  "avg_holding_period_hours": 1.873881431767338,
  "output_dir": "run\\results_lean_taogrid_range_pos_v2_sweep\\trial_059"
}