{
  "trial": 61,
  "range_top_band_start": 0.7,
  "range_buy_k": 2.0,
  "range_buy_floor": 0.5,
  "range_sell_k": 0.7,
  "range_sell_cap": 1.2,
  "sharpe_ratio": 5.206312608551969,
  "sortino_ratio": 11.930538150816547,
  "max_drawdown": -0.1846345619515043,
  "total_return": 0.5504340844423673,
  "total_trades": 298.0,
  "avg_holding_period_hours": 1.84334451901566,
  "output_dir": "run\\results_lean_taogrid_range_pos_v2_sweep\\trial_061"
}