{
  "trial": 54,
  "range_top_band_start": 0.45,
  "range_buy_k": 0.2,
  "range_buy_floor": 0.4,
  "range_sell_k": 0.3,
  "range_sell_cap": 6.0,
  "sharpe_ratio": 5.5819243351786145,
  "sortino_ratio": 12.000852429623087,
  "max_drawdown": -0.1882668230410633,
  "total_return": 0.5923343508480722,
  "total_trades": 309.0,
  "avg_holding_period_hours": 2.431391585760518,
  "output_dir": "run\\results_lean_taogrid_range_pos_v2_sweep\\trial_054"
}