{
  "trial": 33,
  "range_top_band_start": 0.48,
  "range_buy_k": 3.0,
  "range_buy_floor": 0.9,
  "range_sell_k": 0.0,
  "range_sell_cap": 1.2,
  "sharpe_ratio": 5.2628671731008305,
  "sortino_ratio": 11.552700170763856,
  "max_drawdown": -0.18463456195150427,
  "total_return": 0.5538544760910514,
  "total_trades": 298.0,
  "avg_holding_period_hours": 1.873881431767338,
  "output_dir": "run\\results_lean_taogrid_range_pos_v2_sweep\\trial_033"
}