{
  "trial": 19,
  "range_top_band_start": 0.48,
  "range_buy_k": 0.2,
  "range_buy_floor": 0.2,
  "range_sell_k": 0.7,
  "range_sell_cap": 6.0,
  "sharpe_ratio": 5.2747129496206915,
  "sortino_ratio": 11.563992834087747,
  "max_drawdown": -0.18463456195150377,
  "total_return": 0.5549582106696617,
  "total_trades": 298.0,
  "avg_holding_period_hours": 1.873881431767338,
  "output_dir": "run\\results_lean_taogrid_range_pos_v2_sweep\\trial_019"
}