{
  "trial": 22,
  "range_top_band_start": 0.45,
  "range_buy_k": 1.2,
  "range_buy_floor": 0.5,
  "range_sell_k": 4.0,
  "range_sell_cap": 2.5,
  "sharpe_ratio": 5.409809636902043,
  "sortino_ratio": 10.833408547657555,
  "max_drawdown": -0.18826682304106185,
  "total_return": 0.5771984520186985,
  "total_trades": 309.0,
  "avg_holding_period_hours": 8.249568500539375,
  "output_dir": "run\\results_lean_taogrid_range_pos_v2_sweep\\trial_022"
}