{
  "trial": 101,
  "range_top_band_start": 0.45,
  "range_buy_k": 1.6,
  "range_buy_floor": 0.2,
  "range_sell_k": 1.0,
  "range_sell_cap": 4.0,
  "sharpe_ratio": 5.573914779409457,
  "sortino_ratio": 10.919605316106484,
  "max_drawdown": -0.18826682304106304,
  "total_return": 0.5914038421565248,
  "total_trades": 329.0,
  "avg_holding_period_hours": 6.706433637284702,
  "output_dir": "run\\results_lean_taogrid_range_pos_v2_sweep\\trial_101"
}