{
  "trial": 109,
  "range_top_band_start": 0.45,
  "range_buy_k": 0.2,
  "range_buy_floor": 0.2,
  "range_sell_k": 4.0,
  "range_sell_cap": 1.2,
  "sharpe_ratio": 5.466661207049089,
  "sortino_ratio": 10.715626474095611,
  "max_drawdown": -0.18826682304106143,
  "total_return": 0.5829709003383212,
  "total_trades": 322.0,
  "avg_holding_period_hours": 7.686801242236025,
  "output_dir": "run\\results_lean_taogrid_range_pos_v2_sweep\\trial_109"
}