{
  "trial": 90,
  "range_top_band_start": 0.48,
  "range_buy_k": 1.6,
  "range_buy_floor": 0.3,
  "range_sell_k": 3.0,
  "range_sell_cap": 4.0,
  "sharpe_ratio": 5.35075605464451,
  "sortino_ratio": 10.888143349682702,
  "max_drawdown": -0.1846345619515033,
  "total_return": 0.5616464502615517,
  "total_trades": 321.0,
  "avg_holding_period_hours": 4.23956386292835,
  "output_dir": "run\\results_lean_taogrid_range_pos_v2_sweep\\trial_090"
}