{
  "trial": 18,
  "range_top_band_start": 0.48,
  "range_buy_k": 2.0,
  "range_buy_floor": 0.3,
  "range_sell_k": 0.3,
  "range_sell_cap": 6.0,
  "sharpe_ratio": 5.271162691232716,
  "sortino_ratio": 11.540577934622734,
  "max_drawdown": -0.1846345619515037,
  "total_return": 0.5545558520749957,
  "total_trades": 298.0,
  "avg_holding_period_hours": 1.9044183445190157,
  "output_dir": "run\\results_lean_taogrid_range_pos_v2_sweep\\trial_018"
}