{
  "trial": 84,
  "range_top_band_start": 0.48,
  "range_buy_k": 1.2,
  "range_buy_floor": 0.2,
  "range_sell_k": 0.7,
  "range_sell_cap": 6.0,
  "sharpe_ratio": 5.289917856225712,
  "sortino_ratio": 11.47703354525289,
  "max_drawdown": -0.18463456195150474,
  "total_return": 0.5560994459964754,
  "total_trades": 298.0,
  "avg_holding_period_hours": 1.9044183445190157,
  "output_dir": "run\\results_lean_taogrid_range_pos_v2_sweep\\trial_084"
}