{
  "total_return": 0.5623407858243352,
  "total_pnl": 56234.07858243352,
  "max_drawdown": -0.18463456195150463,
  "sharpe_ratio": 5.203889003270101,
  "sortino_ratio": 11.968595219498345,
  "sharpe_annualization_days": 365,
  "total_trades": 301,
  "winning_trades": 301.0,
  "losing_trades": 0.0,
  "win_rate": 1.0,
  "avg_win": 90.13050535127019,
  "avg_loss": 0,
  "profit_factor": 0,
  "final_equity": 156234.07858243352,
  "avg_holding_period_hours": 1.8326135105204873,
  "avg_return_per_trade": 0.0012527675482511317
}