{
  "total_return": 0.5520042996015854,
  "total_pnl": 55200.42996015854,
  "max_drawdown": -0.18462378452468597,
  "sharpe_ratio": 5.236176105641799,
  "sortino_ratio": 11.809083217950036,
  "sharpe_annualization_days": 365,
  "total_trades": 298,
  "winning_trades": 298.0,
  "losing_trades": 0.0,
  "win_rate": 1.0,
  "avg_win": 88.48572964581172,
  "avg_loss": 0,
  "profit_factor": 0,
  "final_equity": 155200.42996015854,
  "avg_holding_period_hours": 1.873881431767338,
  "avg_return_per_trade": 0.0012533044016364392
}