{
  "total_return": 0.5595544341067388,
  "total_pnl": 55955.44341067388,
  "max_drawdown": -0.18463456195150452,
  "sharpe_ratio": 5.203889003270189,
  "sortino_ratio": 11.968595219498708,
  "sharpe_annualization_days": 365,
  "total_trades": 299,
  "winning_trades": 299.0,
  "losing_trades": 0.0,
  "win_rate": 1.0,
  "avg_win": 89.82702135073589,
  "avg_loss": 0,
  "profit_factor": 0,
  "final_equity": 155955.44341067388,
  "avg_holding_period_hours": 1.841638795986622,
  "avg_return_per_trade": 0.0012531242535104793
}