{
  "total_return": 0.0024063254377913834,
  "total_pnl": 240.63254377913836,
  "max_drawdown": -0.007181259792284113,
  "sharpe_ratio": 1.8558499719176254,
  "sortino_ratio": 3.3508124894991673,
  "sharpe_annualization_days": 365,
  "total_trades": 73,
  "winning_trades": 73.0,
  "losing_trades": 0.0,
  "win_rate": 1.0,
  "avg_win": 1.9817995578484866,
  "avg_loss": 0,
  "profit_factor": 0,
  "final_equity": 100240.63254377914,
  "avg_holding_period_hours": 2.7100456621004567,
  "avg_return_per_trade": 0.0013319894691729672
}