{
  "total_return": 0.13713159824744622,
  "annual_return": 9.579001356608119,
  "total_pnl": 13713.159824744624,
  "max_drawdown": -0.23721081014316966,
  "sharpe_ratio": 3.1915273080343485,
  "sortino_ratio": 4.590033013696872,
  "calmar_ratio": 40.38180785617093,
  "sharpe_to_dd": 13.454392344548243,
  "ulcer_index": 5.953110834511523,
  "sharpe_annualization_days": 365,
  "total_trades": 152,
  "winning_trades": 139.0,
  "losing_trades": 13.0,
  "win_rate": 0.9144736842105263,
  "avg_win": 7.740819542407529,
  "avg_loss": -42.89210120862572,
  "profit_factor": 1.9296612198006522,
  "final_equity": 113713.15982474462,
  "avg_holding_period_hours": 82.59813596491227,
  "avg_return_per_trade": 0.0007103997939867445
}