{
  "total_return": -0.00030917156224735665,
  "total_pnl": -30.917156224735663,
  "max_drawdown": -0.0004988119540366364,
  "sharpe_ratio": -6.537958830581964,
  "sortino_ratio": -12.847378476867233,
  "sharpe_annualization_days": 365,
  "total_trades": 0,
  "winning_trades": 0,
  "losing_trades": 0,
  "win_rate": 0,
  "avg_win": 0,
  "avg_loss": 0,
  "profit_factor": 0,
  "final_equity": 99969.08284377526,
  "avg_holding_period_hours": 0.0,
  "avg_return_per_trade": 0.0
}