{
  "total_return": 0.5829709003383212,
  "total_pnl": 58297.09003383212,
  "max_drawdown": -0.18826682304106143,
  "sharpe_ratio": 5.466661207049089,
  "sortino_ratio": 10.715626474095611,
  "sharpe_annualization_days": 365,
  "total_trades": 322,
  "winning_trades": 322.0,
  "losing_trades": 0.0,
  "win_rate": 1.0,
  "avg_win": 80.71737759127788,
  "avg_loss": 0,
  "profit_factor": 0,
  "final_equity": 158297.09003383212,
  "avg_holding_period_hours": 7.686801242236025,
  "avg_return_per_trade": 0.0012575704890570546
}