{
  "total_return": 0.002554220753057889,
  "total_pnl": 255.4220753057889,
  "max_drawdown": -0.0028977400289684095,
  "sharpe_ratio": 6.713718718305671,
  "sortino_ratio": 3.88124588102402,
  "sharpe_annualization_days": 365,
  "total_trades": 558,
  "winning_trades": 558.0,
  "losing_trades": 0.0,
  "win_rate": 1.0,
  "avg_win": 1.0403441415744272,
  "avg_loss": 0,
  "profit_factor": 0,
  "final_equity": 100255.42207530579,
  "avg_holding_period_hours": 17.07467144563919,
  "avg_return_per_trade": 0.0009447485113514431
}