{
  "total_return": 0.5659898742257885,
  "total_pnl": 56598.98742257885,
  "max_drawdown": -0.18463456195150427,
  "sharpe_ratio": 5.203889003270061,
  "sortino_ratio": 11.96859521949803,
  "sharpe_annualization_days": 365,
  "total_trades": 302,
  "winning_trades": 302.0,
  "losing_trades": 0.0,
  "win_rate": 1.0,
  "avg_win": 90.41213910678013,
  "avg_loss": 0,
  "profit_factor": 0,
  "final_equity": 156598.98742257885,
  "avg_holding_period_hours": 1.8497240618101545,
  "avg_return_per_trade": 0.0012525909673363257
}