{
  "total_return": 0.0005907104472180071,
  "total_pnl": 59.07104472180072,
  "max_drawdown": -0.014701827586821047,
  "sharpe_ratio": 0.5141972021291613,
  "sortino_ratio": 0.8226253661714362,
  "sharpe_annualization_days": 365,
  "total_trades": 9,
  "winning_trades": 9.0,
  "losing_trades": 0.0,
  "win_rate": 1.0,
  "avg_win": 11.107372581113193,
  "avg_loss": 0,
  "profit_factor": 0,
  "final_equity": 100059.0710447218,
  "avg_holding_period_hours": 0.5462962962962963,
  "avg_return_per_trade": 0.0018213290815489987
}