{
  "total_return": 0.5598683790120599,
  "total_pnl": 55986.83790120599,
  "max_drawdown": -0.18463456195150413,
  "sharpe_ratio": 5.203889003270011,
  "sortino_ratio": 11.96859521949789,
  "sharpe_annualization_days": 365,
  "total_trades": 303,
  "winning_trades": 303.0,
  "losing_trades": 0.0,
  "win_rate": 1.0,
  "avg_win": 88.94485124040584,
  "avg_loss": 0,
  "profit_factor": 0,
  "final_equity": 155986.837901206,
  "avg_holding_period_hours": 1.8617161716171617,
  "avg_return_per_trade": 0.0012524155519720976
}