{
  "total_return": 0.5559403875962132,
  "total_pnl": 55594.038759621326,
  "max_drawdown": -0.18463456195150382,
  "sharpe_ratio": 5.203889003270144,
  "sortino_ratio": 11.968595219498283,
  "sharpe_annualization_days": 365,
  "total_trades": 301,
  "winning_trades": 301.0,
  "losing_trades": 0.0,
  "win_rate": 1.0,
  "avg_win": 88.52544038954764,
  "avg_loss": 0,
  "profit_factor": 0,
  "final_equity": 155594.03875962133,
  "avg_holding_period_hours": 1.935825027685493,
  "avg_return_per_trade": 0.0012527675482512752
}