{
  "total_return": 0.0011286557876627194,
  "total_pnl": 112.86557876627194,
  "max_drawdown": -0.0013774016176573633,
  "sharpe_ratio": 7.556912912162023,
  "sortino_ratio": 0.0,
  "sharpe_annualization_days": 365,
  "total_trades": 71,
  "winning_trades": 71.0,
  "losing_trades": 0.0,
  "win_rate": 1.0,
  "avg_win": 2.3654735801413436,
  "avg_loss": 0,
  "profit_factor": 0,
  "final_equity": 100112.86557876627,
  "avg_holding_period_hours": 7.780281690140844,
  "avg_return_per_trade": 0.0016025367827456156
}