{
  "total_return": 0.025960383653725876,
  "total_pnl": 2596.0383653725876,
  "max_drawdown": -0.09102389147272825,
  "sharpe_ratio": 0.02368327101016021,
  "sortino_ratio": 0.0322432336479802,
  "total_trades": 48,
  "winning_trades": 48.0,
  "losing_trades": 0.0,
  "win_rate": 1.0,
  "avg_win": 0.3215028559059229,
  "avg_loss": 0,
  "profit_factor": 0,
  "final_equity": 102596.03836537259,
  "avg_holding_period_hours": 151.12708333333333,
  "avg_return_per_trade": 0.0009960039960039428
}