{
  "total_return": 0.027699711277726455,
  "total_pnl": 2769.9711277726456,
  "max_drawdown": -0.09106328187147014,
  "sharpe_ratio": 0.025005824069876677,
  "sortino_ratio": 0.03403537197543444,
  "total_trades": 92,
  "winning_trades": 92.0,
  "losing_trades": 0.0,
  "win_rate": 1.0,
  "avg_win": 0.19939327810533097,
  "avg_loss": 0,
  "profit_factor": 0,
  "final_equity": 102769.97112777265,
  "avg_holding_period_hours": 137.7572463768116,
  "avg_return_per_trade": 0.0011994401119776283
}