{
  "total_return": 0.5508993059038069,
  "total_pnl": 55089.93059038068,
  "max_drawdown": -0.1846345619515039,
  "sharpe_ratio": 5.213896763365313,
  "sortino_ratio": 11.916109588086561,
  "sharpe_annualization_days": 365,
  "total_trades": 298,
  "winning_trades": 298.0,
  "losing_trades": 0.0,
  "win_rate": 1.0,
  "avg_win": 88.5748117731922,
  "avg_loss": 0,
  "profit_factor": 0,
  "final_equity": 155089.93059038068,
  "avg_holding_period_hours": 1.84334451901566,
  "avg_return_per_trade": 0.0012533044016364444
}