{
  "total_return": 0.562561677593392,
  "total_pnl": 56256.16775933921,
  "max_drawdown": -0.1846345619515047,
  "sharpe_ratio": 5.204390345239457,
  "sortino_ratio": 11.961017932700683,
  "sharpe_annualization_days": 365,
  "total_trades": 300,
  "winning_trades": 300.0,
  "losing_trades": 0.0,
  "win_rate": 1.0,
  "avg_win": 90.26207026507461,
  "avg_loss": 0,
  "profit_factor": 0,
  "final_equity": 156256.1677593392,
  "avg_holding_period_hours": 1.8588333333333333,
  "avg_return_per_trade": 0.0012529453063720396
}