{
  "total_return": 0.5676784061053104,
  "total_pnl": 56767.84061053104,
  "max_drawdown": -0.18463456195150413,
  "sharpe_ratio": 5.203839733600781,
  "sortino_ratio": 11.969332334653757,
  "sharpe_annualization_days": 365,
  "total_trades": 308,
  "winning_trades": 308.0,
  "losing_trades": 0.0,
  "win_rate": 1.0,
  "avg_win": 89.0383625654879,
  "avg_loss": 0,
  "profit_factor": 0,
  "final_equity": 156767.84061053104,
  "avg_holding_period_hours": 1.9009199134199135,
  "avg_return_per_trade": 0.0012515555610627164
}