{
  "total_return": 0.561330405194395,
  "total_pnl": 56133.0405194395,
  "max_drawdown": -0.18463456195150477,
  "sharpe_ratio": 5.203889003270024,
  "sortino_ratio": 11.968595219497983,
  "sharpe_annualization_days": 365,
  "total_trades": 303,
  "winning_trades": 303.0,
  "losing_trades": 0.0,
  "win_rate": 1.0,
  "avg_win": 89.30943409285275,
  "avg_loss": 0,
  "profit_factor": 0,
  "final_equity": 156133.0405194395,
  "avg_holding_period_hours": 1.8775027502750274,
  "avg_return_per_trade": 0.001252415551972025
}