{
  "total_return": 0.5549603791964217,
  "total_pnl": 55496.03791964217,
  "max_drawdown": -0.18463456195150402,
  "sharpe_ratio": 5.203889003270046,
  "sortino_ratio": 11.968595219498093,
  "sharpe_annualization_days": 365,
  "total_trades": 298,
  "winning_trades": 298.0,
  "losing_trades": 0.0,
  "win_rate": 1.0,
  "avg_win": 89.10369381880338,
  "avg_loss": 0,
  "profit_factor": 0,
  "final_equity": 155496.03791964217,
  "avg_holding_period_hours": 1.834228187919463,
  "avg_return_per_trade": 0.0012533044016365884
}