{
  "total_return": 0.5537978646105866,
  "total_pnl": 55379.786461058655,
  "max_drawdown": -0.1846345619515037,
  "sharpe_ratio": 5.203889003270242,
  "sortino_ratio": 11.968595219498825,
  "sharpe_annualization_days": 365,
  "total_trades": 296,
  "winning_trades": 296.0,
  "losing_trades": 0.0,
  "win_rate": 1.0,
  "avg_win": 89.38622103794555,
  "avg_loss": 0,
  "profit_factor": 0,
  "final_equity": 155379.78646105865,
  "avg_holding_period_hours": 1.8433558558558558,
  "avg_return_per_trade": 0.0012536683495397022
}