{
  "total_return": 0.0188977195963799,
  "total_pnl": 1889.7719596379902,
  "max_drawdown": -0.09049943684814707,
  "sharpe_ratio": 0.018323505510073026,
  "sortino_ratio": 0.024950528243818673,
  "total_trades": 40,
  "winning_trades": 40.0,
  "losing_trades": 0.0,
  "win_rate": 1.0,
  "avg_win": 1.1794241154864422,
  "avg_loss": 0,
  "profit_factor": 0,
  "final_equity": 101889.77195963799,
  "avg_holding_period_hours": 169.7891666666667,
  "avg_return_per_trade": 0.0019940059940060434
}