{
  "total_return": 0.007923024234630139,
  "total_pnl": 792.3024234630138,
  "max_drawdown": -0.0033359247822427225,
  "sharpe_ratio": 4.800664464692326,
  "sortino_ratio": 8.406748455773878,
  "sharpe_annualization_days": 365,
  "total_trades": 160,
  "winning_trades": 160.0,
  "losing_trades": 0.0,
  "win_rate": 1.0,
  "avg_win": 4.157331435514757,
  "avg_loss": 0,
  "profit_factor": 0,
  "final_equity": 100792.30242346301,
  "avg_holding_period_hours": 4.940833333333333,
  "avg_return_per_trade": 0.0012959525473986292
}