{
  "total_return": 0.5559813348786359,
  "total_pnl": 55598.13348786358,
  "max_drawdown": -0.18456990362767645,
  "sharpe_ratio": 5.2967350200239425,
  "sortino_ratio": 10.898177377186117,
  "sharpe_annualization_days": 365,
  "total_trades": 317,
  "winning_trades": 317.0,
  "losing_trades": 0.0,
  "win_rate": 1.0,
  "avg_win": 84.24754999200559,
  "avg_loss": 0,
  "profit_factor": 0,
  "final_equity": 155598.13348786358,
  "avg_holding_period_hours": 2.5266561514195587,
  "avg_return_per_trade": 0.001255561918448947
}