{
  "trial": 135,
  "breakout_band_atr_mult": 1.0,
  "breakout_band_pct": 0.008,
  "breakout_buy_k": 0.0,
  "breakout_buy_floor": 0.7,
  "breakout_block_threshold": 0.7,
  "sharpe_ratio": 5.186891057574205,
  "sortino_ratio": 12.305834630751686,
  "max_drawdown": -0.18463456195150435,
  "total_return": 0.5964268144443352,
  "total_trades": 300.0,
  "avg_holding_period_hours": 1.8284999999999998,
  "output_dir": "run\\results_lean_taogrid_breakout_risk_sweep\\trial_135"
}