{
  "trial": 0,
  "breakout_band_atr_mult": 3.0,
  "breakout_band_pct": 0.001,
  "breakout_buy_k": 0.6,
  "breakout_buy_floor": 0.35,
  "breakout_block_threshold": 0.9,
  "sharpe_ratio": 5.203889003269935,
  "sortino_ratio": 11.96859521949777,
  "max_drawdown": -0.18463456195150407,
  "total_return": 0.5623667805414356,
  "total_trades": 303.0,
  "avg_holding_period_hours": 1.8862486248624861,
  "output_dir": "run\\results_lean_taogrid_breakout_risk_sweep\\trial_000"
}