{
  "trial": 32,
  "breakout_band_atr_mult": 2.5,
  "breakout_band_pct": 0.0015,
  "breakout_buy_k": 0.4,
  "breakout_buy_floor": 0.05,
  "breakout_block_threshold": 0.95,
  "sharpe_ratio": 5.2038890032701275,
  "sortino_ratio": 11.968595219498305,
  "max_drawdown": -0.18463456195150352,
  "total_return": 0.5648064565782063,
  "total_trades": 302.0,
  "avg_holding_period_hours": 1.8497240618101545,
  "output_dir": "run\\results_lean_taogrid_breakout_risk_sweep\\trial_032"
}