{
  "trial": 30,
  "breakout_band_atr_mult": 0.8,
  "breakout_band_pct": 0.003,
  "breakout_buy_k": 2.0,
  "breakout_buy_floor": 0.35,
  "breakout_block_threshold": 0.7,
  "sharpe_ratio": 5.203889003270018,
  "sortino_ratio": 11.968595219498107,
  "max_drawdown": -0.18463456195150427,
  "total_return": 0.554143625420907,
  "total_trades": 295.0,
  "avg_holding_period_hours": 1.8219774011299437,
  "output_dir": "run\\results_lean_taogrid_breakout_risk_sweep\\trial_030"
}