{
  "trial": 49,
  "breakout_band_atr_mult": 1.0,
  "breakout_band_pct": 0.003,
  "breakout_buy_k": 0.2,
  "breakout_buy_floor": 0.2,
  "breakout_block_threshold": 0.85,
  "sharpe_ratio": 5.203889003270128,
  "sortino_ratio": 11.968595219498393,
  "max_drawdown": -0.1846345619515036,
  "total_return": 0.5673283524031588,
  "total_trades": 302.0,
  "avg_holding_period_hours": 1.8497240618101545,
  "output_dir": "run\\results_lean_taogrid_breakout_risk_sweep\\trial_049"
}