{
  "trial": 102,
  "breakout_band_atr_mult": 2.5,
  "breakout_band_pct": 0.008,
  "breakout_buy_k": 1.2,
  "breakout_buy_floor": 0.5,
  "breakout_block_threshold": 0.7,
  "sharpe_ratio": 5.205368212725077,
  "sortino_ratio": 11.945812145131908,
  "max_drawdown": -0.18463456195150318,
  "total_return": 0.553648429391809,
  "total_trades": 295.0,
  "avg_holding_period_hours": 1.8219774011299437,
  "output_dir": "run\\results_lean_taogrid_breakout_risk_sweep\\trial_102"
}