{
  "trial": 13,
  "breakout_band_atr_mult": 1.0,
  "breakout_band_pct": 0.002,
  "breakout_buy_k": 1.6,
  "breakout_buy_floor": 0.9,
  "breakout_block_threshold": 0.7,
  "sharpe_ratio": 5.2038890032700555,
  "sortino_ratio": 11.968595219497923,
  "max_drawdown": -0.18463456195150454,
  "total_return": 0.564542242144252,
  "total_trades": 300.0,
  "avg_holding_period_hours": 1.8588333333333333,
  "output_dir": "run\\results_lean_taogrid_breakout_risk_sweep\\trial_013"
}