{
  "trial": 14,
  "breakout_band_atr_mult": 3.0,
  "breakout_band_pct": 0.003,
  "breakout_buy_k": 0.9,
  "breakout_buy_floor": 0.1,
  "breakout_block_threshold": 0.8,
  "sharpe_ratio": 5.203889003270132,
  "sortino_ratio": 11.968595219498248,
  "max_drawdown": -0.18463456195150468,
  "total_return": 0.5602084340918506,
  "total_trades": 299.0,
  "avg_holding_period_hours": 1.820847268673356,
  "output_dir": "run\\results_lean_taogrid_breakout_risk_sweep\\trial_014"
}