{
  "trial": 113,
  "breakout_band_atr_mult": 0.6,
  "breakout_band_pct": 0.003,
  "breakout_buy_k": 1.2,
  "breakout_buy_floor": 0.7,
  "breakout_block_threshold": 0.8,
  "sharpe_ratio": 5.203889003270189,
  "sortino_ratio": 11.968595219498708,
  "max_drawdown": -0.18463456195150452,
  "total_return": 0.5595544341067388,
  "total_trades": 299.0,
  "avg_holding_period_hours": 1.841638795986622,
  "output_dir": "run\\results_lean_taogrid_breakout_risk_sweep\\trial_113"
}