{
  "trial": 16,
  "breakout_band_atr_mult": 2.0,
  "breakout_band_pct": 0.0015,
  "breakout_buy_k": 1.6,
  "breakout_buy_floor": 0.05,
  "breakout_block_threshold": 0.85,
  "sharpe_ratio": 5.203889003270115,
  "sortino_ratio": 11.968595219498205,
  "max_drawdown": -0.18463456195150438,
  "total_return": 0.5544838491614047,
  "total_trades": 298.0,
  "avg_holding_period_hours": 1.8265659955257272,
  "output_dir": "run\\results_lean_taogrid_breakout_risk_sweep\\trial_016"
}