{
  "trial": 108,
  "breakout_band_atr_mult": 2.0,
  "breakout_band_pct": 0.003,
  "breakout_buy_k": 0.4,
  "breakout_buy_floor": 0.35,
  "breakout_block_threshold": 0.7,
  "sharpe_ratio": 5.203889003269889,
  "sortino_ratio": 11.96859521949756,
  "max_drawdown": -0.1846345619515045,
  "total_return": 0.5643161450946925,
  "total_trades": 300.0,
  "avg_holding_period_hours": 1.8588333333333333,
  "output_dir": "run\\results_lean_taogrid_breakout_risk_sweep\\trial_108"
}