{
  "trial": 2,
  "breakout_band_atr_mult": 2.5,
  "breakout_band_pct": 0.005,
  "breakout_buy_k": 2.0,
  "breakout_buy_floor": 0.2,
  "breakout_block_threshold": 0.85,
  "sharpe_ratio": 5.203889003270151,
  "sortino_ratio": 11.968595219498521,
  "max_drawdown": -0.1846345619515052,
  "total_return": 0.5526125762033753,
  "total_trades": 295.0,
  "avg_holding_period_hours": 1.8074576271186442,
  "output_dir": "run\\results_lean_taogrid_breakout_risk_sweep\\trial_002"
}