{
  "trial": 46,
  "breakout_band_atr_mult": 2.0,
  "breakout_band_pct": 0.002,
  "breakout_buy_k": 2.0,
  "breakout_buy_floor": 0.1,
  "breakout_block_threshold": 0.7,
  "sharpe_ratio": 5.203889003270254,
  "sortino_ratio": 11.968595219498741,
  "max_drawdown": -0.1846345619515033,
  "total_return": 0.5538422583785292,
  "total_trades": 295.0,
  "avg_holding_period_hours": 1.8219774011299437,
  "output_dir": "run\\results_lean_taogrid_breakout_risk_sweep\\trial_046"
}