{
  "trial": 36,
  "breakout_band_atr_mult": 1.5,
  "breakout_band_pct": 0.0008,
  "breakout_buy_k": 0.4,
  "breakout_buy_floor": 0.7,
  "breakout_block_threshold": 0.8,
  "sharpe_ratio": 5.202254844319489,
  "sortino_ratio": 11.992374974601542,
  "max_drawdown": -0.1846345619515034,
  "total_return": 0.5687834940665262,
  "total_trades": 306.0,
  "avg_holding_period_hours": 1.9101851851851852,
  "output_dir": "run\\results_lean_taogrid_breakout_risk_sweep\\trial_036"
}