{
  "trial": 67,
  "breakout_band_atr_mult": 2.0,
  "breakout_band_pct": 0.008,
  "breakout_buy_k": 0.2,
  "breakout_buy_floor": 0.05,
  "breakout_block_threshold": 0.98,
  "sharpe_ratio": 5.204140702310742,
  "sortino_ratio": 11.96480871120996,
  "max_drawdown": -0.18463456195150482,
  "total_return": 0.5664606239339977,
  "total_trades": 302.0,
  "avg_holding_period_hours": 1.8497240618101545,
  "output_dir": "run\\results_lean_taogrid_breakout_risk_sweep\\trial_067"
}