{
  "trial": 41,
  "breakout_band_atr_mult": 2.5,
  "breakout_band_pct": 0.005,
  "breakout_buy_k": 0.6,
  "breakout_buy_floor": 0.35,
  "breakout_block_threshold": 0.7,
  "sharpe_ratio": 5.203889003269987,
  "sortino_ratio": 11.96859521949806,
  "max_drawdown": -0.18463456195150418,
  "total_return": 0.5618891375267017,
  "total_trades": 299.0,
  "avg_holding_period_hours": 1.8190078037904125,
  "output_dir": "run\\results_lean_taogrid_breakout_risk_sweep\\trial_041"
}