{
  "trial": 99,
  "breakout_band_atr_mult": 2.5,
  "breakout_band_pct": 0.002,
  "breakout_buy_k": 1.6,
  "breakout_buy_floor": 0.35,
  "breakout_block_threshold": 0.95,
  "sharpe_ratio": 5.203889003270115,
  "sortino_ratio": 11.968595219498459,
  "max_drawdown": -0.1846345619515041,
  "total_return": 0.5554219458896503,
  "total_trades": 297.0,
  "avg_holding_period_hours": 1.8129629629629627,
  "output_dir": "run\\results_lean_taogrid_breakout_risk_sweep\\trial_099"
}