{
  "trial": 39,
  "breakout_band_atr_mult": 1.0,
  "breakout_band_pct": 0.003,
  "breakout_buy_k": 2.0,
  "breakout_buy_floor": 0.05,
  "breakout_block_threshold": 0.7,
  "sharpe_ratio": 5.203889003270103,
  "sortino_ratio": 11.968595219498459,
  "max_drawdown": -0.18463456195150293,
  "total_return": 0.5536190065170452,
  "total_trades": 295.0,
  "avg_holding_period_hours": 1.8219774011299437,
  "output_dir": "run\\results_lean_taogrid_breakout_risk_sweep\\trial_039"
}