{
  "trial": 61,
  "breakout_band_atr_mult": 1.0,
  "breakout_band_pct": 0.002,
  "breakout_buy_k": 1.2,
  "breakout_buy_floor": 0.9,
  "breakout_block_threshold": 0.95,
  "sharpe_ratio": 5.203889003270061,
  "sortino_ratio": 11.96859521949803,
  "max_drawdown": -0.18463456195150427,
  "total_return": 0.5659898742257885,
  "total_trades": 302.0,
  "avg_holding_period_hours": 1.8497240618101545,
  "output_dir": "run\\results_lean_taogrid_breakout_risk_sweep\\trial_061"
}