{
  "trial": 90,
  "breakout_band_atr_mult": 0.6,
  "breakout_band_pct": 0.0015,
  "breakout_buy_k": 1.2,
  "breakout_buy_floor": 0.1,
  "breakout_block_threshold": 0.85,
  "sharpe_ratio": 5.203889003270078,
  "sortino_ratio": 11.96859521949824,
  "max_drawdown": -0.18463456195150363,
  "total_return": 0.5556802778637479,
  "total_trades": 297.0,
  "avg_holding_period_hours": 1.8129629629629627,
  "output_dir": "run\\results_lean_taogrid_breakout_risk_sweep\\trial_090"
}