{
  "trial": 88,
  "breakout_band_atr_mult": 0.8,
  "breakout_band_pct": 0.001,
  "breakout_buy_k": 1.6,
  "breakout_buy_floor": 0.1,
  "breakout_block_threshold": 0.995,
  "sharpe_ratio": 5.203889003270126,
  "sortino_ratio": 11.968595219498344,
  "max_drawdown": -0.1846345619515031,
  "total_return": 0.5547765871559409,
  "total_trades": 298.0,
  "avg_holding_period_hours": 1.834228187919463,
  "output_dir": "run\\results_lean_taogrid_breakout_risk_sweep\\trial_088"
}