{
  "trial": 134,
  "breakout_band_atr_mult": 2.0,
  "breakout_band_pct": 0.0008,
  "breakout_buy_k": 0.6,
  "breakout_buy_floor": 0.2,
  "breakout_block_threshold": 0.98,
  "sharpe_ratio": 5.203889003270068,
  "sortino_ratio": 11.968595219498205,
  "max_drawdown": -0.18463456195150452,
  "total_return": 0.5625436374514015,
  "total_trades": 304.0,
  "avg_holding_period_hours": 1.8993969298245612,
  "output_dir": "run\\results_lean_taogrid_breakout_risk_sweep\\trial_134"
}