{
  "trial": 138,
  "breakout_band_atr_mult": 1.0,
  "breakout_band_pct": 0.0015,
  "breakout_buy_k": 1.2,
  "breakout_buy_floor": 0.2,
  "breakout_block_threshold": 0.8,
  "sharpe_ratio": 5.203889003269949,
  "sortino_ratio": 11.968595219497749,
  "max_drawdown": -0.18463456195150443,
  "total_return": 0.5596410568973259,
  "total_trades": 299.0,
  "avg_holding_period_hours": 1.820847268673356,
  "output_dir": "run\\results_lean_taogrid_breakout_risk_sweep\\trial_138"
}