{
  "trial": 133,
  "breakout_band_atr_mult": 0.8,
  "breakout_band_pct": 0.005,
  "breakout_buy_k": 1.6,
  "breakout_buy_floor": 0.05,
  "breakout_block_threshold": 0.995,
  "sharpe_ratio": 5.203889003269981,
  "sortino_ratio": 11.968595219497923,
  "max_drawdown": -0.1846345619515046,
  "total_return": 0.5531996907315869,
  "total_trades": 295.0,
  "avg_holding_period_hours": 1.8074576271186442,
  "output_dir": "run\\results_lean_taogrid_breakout_risk_sweep\\trial_133"
}