{
  "trial": 59,
  "breakout_band_atr_mult": 1.5,
  "breakout_band_pct": 0.003,
  "breakout_buy_k": 1.6,
  "breakout_buy_floor": 0.2,
  "breakout_block_threshold": 0.85,
  "sharpe_ratio": 5.203889003270153,
  "sortino_ratio": 11.968595219498587,
  "max_drawdown": -0.1846345619515045,
  "total_return": 0.5543258142612246,
  "total_trades": 298.0,
  "avg_holding_period_hours": 1.8265659955257272,
  "output_dir": "run\\results_lean_taogrid_breakout_risk_sweep\\trial_059"
}