{
  "trial": 125,
  "breakout_band_atr_mult": 3.0,
  "breakout_band_pct": 0.0008,
  "breakout_buy_k": 0.6,
  "breakout_buy_floor": 0.9,
  "breakout_block_threshold": 0.85,
  "sharpe_ratio": 5.203889003270065,
  "sortino_ratio": 11.96859521949816,
  "max_drawdown": -0.18463456195150407,
  "total_return": 0.5669610725354124,
  "total_trades": 308.0,
  "avg_holding_period_hours": 1.9009199134199135,
  "output_dir": "run\\results_lean_taogrid_breakout_risk_sweep\\trial_125"
}