{
  "trial": 96,
  "breakout_band_atr_mult": 0.6,
  "breakout_band_pct": 0.0008,
  "breakout_buy_k": 0.9,
  "breakout_buy_floor": 0.05,
  "breakout_block_threshold": 0.98,
  "sharpe_ratio": 5.203889003270057,
  "sortino_ratio": 11.968595219497974,
  "max_drawdown": -0.1846345619515046,
  "total_return": 0.56011830239026,
  "total_trades": 305.0,
  "avg_holding_period_hours": 1.9364480874316936,
  "output_dir": "run\\results_lean_taogrid_breakout_risk_sweep\\trial_096"
}