{
  "trial": 84,
  "breakout_band_atr_mult": 0.6,
  "breakout_band_pct": 0.005,
  "breakout_buy_k": 2.0,
  "breakout_buy_floor": 0.5,
  "breakout_block_threshold": 0.98,
  "sharpe_ratio": 5.203889003270293,
  "sortino_ratio": 11.968595219498741,
  "max_drawdown": -0.1846345619515044,
  "total_return": 0.5553318949675281,
  "total_trades": 298.0,
  "avg_holding_period_hours": 1.8265659955257272,
  "output_dir": "run\\results_lean_taogrid_breakout_risk_sweep\\trial_084"
}