{
  "trial": 77,
  "breakout_band_atr_mult": 1.2,
  "breakout_band_pct": 0.003,
  "breakout_buy_k": 1.6,
  "breakout_buy_floor": 0.35,
  "breakout_block_threshold": 0.7,
  "sharpe_ratio": 5.203889003270379,
  "sortino_ratio": 11.968595219499123,
  "max_drawdown": -0.1846345619515032,
  "total_return": 0.5548896265221236,
  "total_trades": 295.0,
  "avg_holding_period_hours": 1.8219774011299437,
  "output_dir": "run\\results_lean_taogrid_breakout_risk_sweep\\trial_077"
}