{
  "trial": 66,
  "breakout_band_atr_mult": 1.5,
  "breakout_band_pct": 0.001,
  "breakout_buy_k": 2.0,
  "breakout_buy_floor": 0.05,
  "breakout_block_threshold": 0.7,
  "sharpe_ratio": 5.203889003270242,
  "sortino_ratio": 11.968595219498825,
  "max_drawdown": -0.1846345619515037,
  "total_return": 0.5537978646105866,
  "total_trades": 296.0,
  "avg_holding_period_hours": 1.8433558558558558,
  "output_dir": "run\\results_lean_taogrid_breakout_risk_sweep\\trial_066"
}