{
  "trial": 53,
  "breakout_band_atr_mult": 3.0,
  "breakout_band_pct": 0.0015,
  "breakout_buy_k": 0.9,
  "breakout_buy_floor": 0.35,
  "breakout_block_threshold": 0.95,
  "sharpe_ratio": 5.203889003270011,
  "sortino_ratio": 11.96859521949789,
  "max_drawdown": -0.18463456195150413,
  "total_return": 0.5598683790120599,
  "total_trades": 303.0,
  "avg_holding_period_hours": 1.8617161716171617,
  "output_dir": "run\\results_lean_taogrid_breakout_risk_sweep\\trial_053"
}