{
  "trial": 55,
  "breakout_band_atr_mult": 2.5,
  "breakout_band_pct": 0.002,
  "breakout_buy_k": 1.2,
  "breakout_buy_floor": 0.35,
  "breakout_block_threshold": 0.9,
  "sharpe_ratio": 5.20388900326996,
  "sortino_ratio": 11.968595219497892,
  "max_drawdown": -0.18463456195150488,
  "total_return": 0.5563184960511304,
  "total_trades": 297.0,
  "avg_holding_period_hours": 1.8129629629629627,
  "output_dir": "run\\results_lean_taogrid_breakout_risk_sweep\\trial_055"
}