{
  "trial": 105,
  "breakout_band_atr_mult": 1.2,
  "breakout_band_pct": 0.005,
  "breakout_buy_k": 0.4,
  "breakout_buy_floor": 0.05,
  "breakout_block_threshold": 0.7,
  "sharpe_ratio": 5.203889003270222,
  "sortino_ratio": 11.96859521949871,
  "max_drawdown": -0.18463456195150416,
  "total_return": 0.5638008327555564,
  "total_trades": 300.0,
  "avg_holding_period_hours": 1.8588333333333333,
  "output_dir": "run\\results_lean_taogrid_breakout_risk_sweep\\trial_105"
}