{
  "trial": 85,
  "breakout_band_atr_mult": 2.0,
  "breakout_band_pct": 0.005,
  "breakout_buy_k": 0.4,
  "breakout_buy_floor": 0.2,
  "breakout_block_threshold": 0.98,
  "sharpe_ratio": 5.203889003270033,
  "sortino_ratio": 11.968595219498141,
  "max_drawdown": -0.18463456195150468,
  "total_return": 0.5637755473911902,
  "total_trades": 301.0,
  "avg_holding_period_hours": 1.8101328903654486,
  "output_dir": "run\\results_lean_taogrid_breakout_risk_sweep\\trial_085"
}