{
  "trial": 62,
  "breakout_band_atr_mult": 1.0,
  "breakout_band_pct": 0.0015,
  "breakout_buy_k": 1.2,
  "breakout_buy_floor": 0.9,
  "breakout_block_threshold": 0.9,
  "sharpe_ratio": 5.2038890032699685,
  "sortino_ratio": 11.968595219497901,
  "max_drawdown": -0.1846345619515044,
  "total_return": 0.5668294422215724,
  "total_trades": 302.0,
  "avg_holding_period_hours": 1.8497240618101545,
  "output_dir": "run\\results_lean_taogrid_breakout_risk_sweep\\trial_062"
}