{
  "trial": 100,
  "breakout_band_atr_mult": 1.0,
  "breakout_band_pct": 0.0008,
  "breakout_buy_k": 0.9,
  "breakout_buy_floor": 0.7,
  "breakout_block_threshold": 0.95,
  "sharpe_ratio": 5.203889003270226,
  "sortino_ratio": 11.968595219498653,
  "max_drawdown": -0.18463456195150435,
  "total_return": 0.562584575320048,
  "total_trades": 305.0,
  "avg_holding_period_hours": 1.8942076502732241,
  "output_dir": "run\\results_lean_taogrid_breakout_risk_sweep\\trial_100"
}