{
  "trial": 115,
  "breakout_band_atr_mult": 1.5,
  "breakout_band_pct": 0.005,
  "breakout_buy_k": 1.2,
  "breakout_buy_floor": 0.2,
  "breakout_block_threshold": 0.98,
  "sharpe_ratio": 5.2038890032701834,
  "sortino_ratio": 11.96859521949841,
  "max_drawdown": -0.18463456195150454,
  "total_return": 0.5556850098325871,
  "total_trades": 298.0,
  "avg_holding_period_hours": 1.8265659955257272,
  "output_dir": "run\\results_lean_taogrid_breakout_risk_sweep\\trial_115"
}