{
  "trial": 124,
  "breakout_band_atr_mult": 1.2,
  "breakout_band_pct": 0.002,
  "breakout_buy_k": 0.9,
  "breakout_buy_floor": 0.2,
  "breakout_block_threshold": 0.8,
  "sharpe_ratio": 5.203889003270033,
  "sortino_ratio": 11.968595219498088,
  "max_drawdown": -0.1846345619515038,
  "total_return": 0.5607445688633691,
  "total_trades": 299.0,
  "avg_holding_period_hours": 1.8190078037904125,
  "output_dir": "run\\results_lean_taogrid_breakout_risk_sweep\\trial_124"
}