{
  "trial": 6,
  "breakout_band_atr_mult": 1.2,
  "breakout_band_pct": 0.0008,
  "breakout_buy_k": 0.2,
  "breakout_buy_floor": 0.7,
  "breakout_block_threshold": 0.7,
  "sharpe_ratio": 5.194862921563021,
  "sortino_ratio": 12.08666867097721,
  "max_drawdown": -0.18463456195150557,
  "total_return": 0.5832183358063747,
  "total_trades": 300.0,
  "avg_holding_period_hours": 1.8588333333333333,
  "output_dir": "run\\results_lean_taogrid_breakout_risk_sweep\\trial_006"
}