{
  "trial": 80,
  "breakout_band_atr_mult": 2.5,
  "breakout_band_pct": 0.0008,
  "breakout_buy_k": 0.2,
  "breakout_buy_floor": 0.5,
  "breakout_block_threshold": 0.95,
  "sharpe_ratio": 5.203061508097459,
  "sortino_ratio": 11.980804391299651,
  "max_drawdown": -0.18463456195150388,
  "total_return": 0.5694470267841604,
  "total_trades": 302.0,
  "avg_holding_period_hours": 1.8497240618101545,
  "output_dir": "run\\results_lean_taogrid_breakout_risk_sweep\\trial_080"
}