{
  "trial": 137,
  "breakout_band_atr_mult": 1.2,
  "breakout_band_pct": 0.0008,
  "breakout_buy_k": 0.4,
  "breakout_buy_floor": 0.5,
  "breakout_block_threshold": 0.9,
  "sharpe_ratio": 5.203889003270028,
  "sortino_ratio": 11.968595219497914,
  "max_drawdown": -0.1846345619515039,
  "total_return": 0.5652802613040968,
  "total_trades": 308.0,
  "avg_holding_period_hours": 1.9009199134199135,
  "output_dir": "run\\results_lean_taogrid_breakout_risk_sweep\\trial_137"
}