{
  "trial": 58,
  "breakout_band_atr_mult": 2.0,
  "breakout_band_pct": 0.0008,
  "breakout_buy_k": 0.2,
  "breakout_buy_floor": 0.7,
  "breakout_block_threshold": 0.85,
  "sharpe_ratio": 5.202685230474698,
  "sortino_ratio": 11.986240675411448,
  "max_drawdown": -0.18463456195150393,
  "total_return": 0.5702391195032909,
  "total_trades": 302.0,
  "avg_holding_period_hours": 1.8497240618101545,
  "output_dir": "run\\results_lean_taogrid_breakout_risk_sweep\\trial_058"
}