{
  "trial": 92,
  "breakout_band_atr_mult": 1.5,
  "breakout_band_pct": 0.008,
  "breakout_buy_k": 0.4,
  "breakout_buy_floor": 0.35,
  "breakout_block_threshold": 0.7,
  "sharpe_ratio": 5.204390345239457,
  "sortino_ratio": 11.961017932700683,
  "max_drawdown": -0.1846345619515047,
  "total_return": 0.562561677593392,
  "total_trades": 300.0,
  "avg_holding_period_hours": 1.8588333333333333,
  "output_dir": "run\\results_lean_taogrid_breakout_risk_sweep\\trial_092"
}