{
  "trial": 15,
  "breakout_band_atr_mult": 0.8,
  "breakout_band_pct": 0.001,
  "breakout_buy_k": 0.2,
  "breakout_buy_floor": 0.2,
  "breakout_block_threshold": 0.95,
  "sharpe_ratio": 5.2021326786103534,
  "sortino_ratio": 11.994100415809687,
  "max_drawdown": -0.18463456195150427,
  "total_return": 0.5713912638122344,
  "total_trades": 302.0,
  "avg_holding_period_hours": 1.8497240618101545,
  "output_dir": "run\\results_lean_taogrid_breakout_risk_sweep\\trial_015"
}