{
  "trial": 81,
  "breakout_band_atr_mult": 0.6,
  "breakout_band_pct": 0.003,
  "breakout_buy_k": 1.6,
  "breakout_buy_floor": 0.1,
  "breakout_block_threshold": 0.98,
  "sharpe_ratio": 5.2038890032698975,
  "sortino_ratio": 11.968595219497654,
  "max_drawdown": -0.18463456195150418,
  "total_return": 0.553942748894298,
  "total_trades": 298.0,
  "avg_holding_period_hours": 1.8265659955257272,
  "output_dir": "run\\results_lean_taogrid_breakout_risk_sweep\\trial_081"
}