{
  "trial": 4,
  "breakout_band_atr_mult": 1.0,
  "breakout_band_pct": 0.002,
  "breakout_buy_k": 2.0,
  "breakout_buy_floor": 0.5,
  "breakout_block_threshold": 0.7,
  "sharpe_ratio": 5.203889003270028,
  "sortino_ratio": 11.968595219498095,
  "max_drawdown": -0.18463456195150396,
  "total_return": 0.5547266758854688,
  "total_trades": 295.0,
  "avg_holding_period_hours": 1.8219774011299437,
  "output_dir": "run\\results_lean_taogrid_breakout_risk_sweep\\trial_004"
}