{
  "trial": 73,
  "breakout_band_atr_mult": 1.5,
  "breakout_band_pct": 0.008,
  "breakout_buy_k": 0.9,
  "breakout_buy_floor": 0.9,
  "breakout_block_threshold": 0.8,
  "sharpe_ratio": 5.2050054101432925,
  "sortino_ratio": 11.951522313579119,
  "max_drawdown": -0.18463456195150546,
  "total_return": 0.5620086272241012,
  "total_trades": 300.0,
  "avg_holding_period_hours": 1.8588333333333333,
  "output_dir": "run\\results_lean_taogrid_breakout_risk_sweep\\trial_073"
}