{
  "trial": 24,
  "breakout_band_atr_mult": 3.0,
  "breakout_band_pct": 0.0008,
  "breakout_buy_k": 0.4,
  "breakout_buy_floor": 0.2,
  "breakout_block_threshold": 0.9,
  "sharpe_ratio": 5.20388900327009,
  "sortino_ratio": 11.968595219498313,
  "max_drawdown": -0.18463456195150377,
  "total_return": 0.5647604436799115,
  "total_trades": 308.0,
  "avg_holding_period_hours": 1.9009199134199135,
  "output_dir": "run\\results_lean_taogrid_breakout_risk_sweep\\trial_024"
}