{
  "trial": 47,
  "breakout_band_atr_mult": 3.0,
  "breakout_band_pct": 0.003,
  "breakout_buy_k": 0.6,
  "breakout_buy_floor": 0.5,
  "breakout_block_threshold": 0.98,
  "sharpe_ratio": 5.203889003269897,
  "sortino_ratio": 11.968595219497644,
  "max_drawdown": -0.18463456195150496,
  "total_return": 0.5618030872239033,
  "total_trades": 301.0,
  "avg_holding_period_hours": 1.8326135105204873,
  "output_dir": "run\\results_lean_taogrid_breakout_risk_sweep\\trial_047"
}