{
  "trial": 20,
  "breakout_band_atr_mult": 2.0,
  "breakout_band_pct": 0.0008,
  "breakout_buy_k": 1.2,
  "breakout_buy_floor": 0.05,
  "breakout_block_threshold": 0.85,
  "sharpe_ratio": 5.203889003270126,
  "sortino_ratio": 11.968595219498422,
  "max_drawdown": -0.18463456195150332,
  "total_return": 0.5555694278093206,
  "total_trades": 298.0,
  "avg_holding_period_hours": 1.834228187919463,
  "output_dir": "run\\results_lean_taogrid_breakout_risk_sweep\\trial_020"
}