{
  "trial": 136,
  "breakout_band_atr_mult": 0.6,
  "breakout_band_pct": 0.0015,
  "breakout_buy_k": 2.0,
  "breakout_buy_floor": 0.9,
  "breakout_block_threshold": 0.95,
  "sharpe_ratio": 5.203889003270099,
  "sortino_ratio": 11.968595219498424,
  "max_drawdown": -0.1846345619515043,
  "total_return": 0.5667185888742515,
  "total_trades": 302.0,
  "avg_holding_period_hours": 1.8497240618101545,
  "output_dir": "run\\results_lean_taogrid_breakout_risk_sweep\\trial_136"
}