{
  "trial": 72,
  "breakout_band_atr_mult": 1.0,
  "breakout_band_pct": 0.001,
  "breakout_buy_k": 1.2,
  "breakout_buy_floor": 0.5,
  "breakout_block_threshold": 0.7,
  "sharpe_ratio": 5.203889003269916,
  "sortino_ratio": 11.968595219497749,
  "max_drawdown": -0.18463456195150396,
  "total_return": 0.5601129177161819,
  "total_trades": 302.0,
  "avg_holding_period_hours": 1.8953090507726273,
  "output_dir": "run\\results_lean_taogrid_breakout_risk_sweep\\trial_072"
}