{
  "trial": 69,
  "breakout_band_atr_mult": 0.8,
  "breakout_band_pct": 0.003,
  "breakout_buy_k": 1.2,
  "breakout_buy_floor": 0.05,
  "breakout_block_threshold": 0.8,
  "sharpe_ratio": 5.203889003270003,
  "sortino_ratio": 11.96859521949799,
  "max_drawdown": -0.18463456195150488,
  "total_return": 0.5583097355824546,
  "total_trades": 301.0,
  "avg_holding_period_hours": 1.870874861572536,
  "output_dir": "run\\results_lean_taogrid_breakout_risk_sweep\\trial_069"
}