{
  "trial": 56,
  "breakout_band_atr_mult": 1.0,
  "breakout_band_pct": 0.005,
  "breakout_buy_k": 1.2,
  "breakout_buy_floor": 0.05,
  "breakout_block_threshold": 0.995,
  "sharpe_ratio": 5.203889003270216,
  "sortino_ratio": 11.968595219498635,
  "max_drawdown": -0.18463456195150346,
  "total_return": 0.5551097645752994,
  "total_trades": 298.0,
  "avg_holding_period_hours": 1.84334451901566,
  "output_dir": "run\\results_lean_taogrid_breakout_risk_sweep\\trial_056"
}