{
  "trial": 10,
  "breakout_band_atr_mult": 1.5,
  "breakout_band_pct": 0.002,
  "breakout_buy_k": 0.9,
  "breakout_buy_floor": 0.1,
  "breakout_block_threshold": 0.9,
  "sharpe_ratio": 5.203889003270136,
  "sortino_ratio": 11.968595219498386,
  "max_drawdown": -0.18463456195150452,
  "total_return": 0.5567541555825923,
  "total_trades": 297.0,
  "avg_holding_period_hours": 1.8129629629629627,
  "output_dir": "run\\results_lean_taogrid_breakout_risk_sweep\\trial_010"
}