{
  "trial": 82,
  "breakout_band_atr_mult": 1.2,
  "breakout_band_pct": 0.008,
  "breakout_buy_k": 1.2,
  "breakout_buy_floor": 0.7,
  "breakout_block_threshold": 0.95,
  "sharpe_ratio": 5.205368212725124,
  "sortino_ratio": 11.945812145131994,
  "max_drawdown": -0.18463456195150363,
  "total_return": 0.5558364089928265,
  "total_trades": 297.0,
  "avg_holding_period_hours": 1.8129629629629627,
  "output_dir": "run\\results_lean_taogrid_breakout_risk_sweep\\trial_082"
}