{
  "trial": 28,
  "breakout_band_atr_mult": 0.6,
  "breakout_band_pct": 0.0015,
  "breakout_buy_k": 1.6,
  "breakout_buy_floor": 0.7,
  "breakout_block_threshold": 0.7,
  "sharpe_ratio": 5.203889003269982,
  "sortino_ratio": 11.96859521949793,
  "max_drawdown": -0.18463456195150468,
  "total_return": 0.5605831299896492,
  "total_trades": 299.0,
  "avg_holding_period_hours": 1.8190078037904125,
  "output_dir": "run\\results_lean_taogrid_breakout_risk_sweep\\trial_028"
}