{
  "trial": 103,
  "breakout_band_atr_mult": 3.0,
  "breakout_band_pct": 0.0015,
  "breakout_buy_k": 0.6,
  "breakout_buy_floor": 0.1,
  "breakout_block_threshold": 0.85,
  "sharpe_ratio": 5.203889003270101,
  "sortino_ratio": 11.968595219498345,
  "max_drawdown": -0.18463456195150463,
  "total_return": 0.5623407858243352,
  "total_trades": 301.0,
  "avg_holding_period_hours": 1.8326135105204873,
  "output_dir": "run\\results_lean_taogrid_breakout_risk_sweep\\trial_103"
}