{
  "trial": 87,
  "breakout_band_atr_mult": 0.6,
  "breakout_band_pct": 0.002,
  "breakout_buy_k": 1.6,
  "breakout_buy_floor": 0.05,
  "breakout_block_threshold": 0.7,
  "sharpe_ratio": 5.203889003270068,
  "sortino_ratio": 11.96859521949823,
  "max_drawdown": -0.18463456195150352,
  "total_return": 0.5567450514712441,
  "total_trades": 299.0,
  "avg_holding_period_hours": 1.8615942028985508,
  "output_dir": "run\\results_lean_taogrid_breakout_risk_sweep\\trial_087"
}