{
  "trial": 38,
  "breakout_band_atr_mult": 1.0,
  "breakout_band_pct": 0.0008,
  "breakout_buy_k": 2.0,
  "breakout_buy_floor": 0.35,
  "breakout_block_threshold": 0.98,
  "sharpe_ratio": 5.203889003270046,
  "sortino_ratio": 11.968595219498093,
  "max_drawdown": -0.18463456195150402,
  "total_return": 0.5549603791964217,
  "total_trades": 298.0,
  "avg_holding_period_hours": 1.834228187919463,
  "output_dir": "run\\results_lean_taogrid_breakout_risk_sweep\\trial_038"
}