{
  "total_return": 0.5547765871559409,
  "total_pnl": 55477.658715594094,
  "max_drawdown": -0.1846345619515031,
  "sharpe_ratio": 5.203889003270126,
  "sortino_ratio": 11.968595219498344,
  "sharpe_annualization_days": 365,
  "total_trades": 298,
  "winning_trades": 298.0,
  "losing_trades": 0.0,
  "win_rate": 1.0,
  "avg_win": 89.05964719577527,
  "avg_loss": 0,
  "profit_factor": 0,
  "final_equity": 155477.6587155941,
  "avg_holding_period_hours": 1.834228187919463,
  "avg_return_per_trade": 0.0012533044016365897
}