{
  "total_return": 0.005887029785253544,
  "total_pnl": 588.7029785253544,
  "max_drawdown": -0.0023841918144375533,
  "sharpe_ratio": 22.48768663467429,
  "sortino_ratio": 0.0,
  "sharpe_annualization_days": 365,
  "total_trades": 14,
  "winning_trades": 14.0,
  "losing_trades": 0.0,
  "win_rate": 1.0,
  "avg_win": 8.261676714683972,
  "avg_loss": 0,
  "profit_factor": 0,
  "final_equity": 100588.70297852535,
  "avg_holding_period_hours": 1.2714285714285711,
  "avg_return_per_trade": 0.0016150707189749745
}