{
  "total_return": 0.008199904074486985,
  "total_pnl": 819.9904074487276,
  "sharpe_ratio": 4.53324244586969,
  "sortino_ratio": 6.575721077998234,
  "max_drawdown": -0.014957747692037282,
  "total_trades": 268,
  "winning_trades": 267,
  "losing_trades": 1,
  "win_rate": 0.996268656716418,
  "avg_win": 0.007265255576459575,
  "avg_loss": -0.004048333759424248,
  "profit_factor": 1.7946286072749191
}