{
  "total_return": 0.5528446892960719,
  "total_pnl": 55284.46892960719,
  "max_drawdown": -0.18463456195150404,
  "sharpe_ratio": 5.245410516695807,
  "sortino_ratio": 11.808517034517308,
  "sharpe_annualization_days": 365,
  "total_trades": 298,
  "winning_trades": 298.0,
  "losing_trades": 0.0,
  "win_rate": 1.0,
  "avg_win": 88.61354413463528,
  "avg_loss": 0,
  "profit_factor": 0,
  "final_equity": 155284.4689296072,
  "avg_holding_period_hours": 1.873881431767338,
  "avg_return_per_trade": 0.001253304401636442
}