{
  "total_return": 0.00604797701402189,
  "total_pnl": 604.797701402189,
  "max_drawdown": -0.09091512562854033,
  "sharpe_ratio": 0.008327824304721433,
  "sortino_ratio": 0.011352680937711256,
  "total_trades": 114,
  "winning_trades": 114.0,
  "losing_trades": 0.0,
  "win_rate": 1.0,
  "avg_win": 0.15168726399094243,
  "avg_loss": 0,
  "profit_factor": 0,
  "final_equity": 100604.79770140219,
  "avg_holding_period_hours": 141.56769005847954,
  "avg_return_per_trade": 0.0004997200559887178
}