{
  "total_return": -0.0034968611725908704,
  "total_pnl": -349.68611725908704,
  "max_drawdown": -0.01563097638486196,
  "sharpe_ratio": -2.0394290955516676,
  "sortino_ratio": -3.573794396004157,
  "sharpe_annualization_days": 365,
  "total_trades": 44,
  "winning_trades": 44.0,
  "losing_trades": 0.0,
  "win_rate": 1.0,
  "avg_win": 3.556623980537172,
  "avg_loss": 0,
  "profit_factor": 0,
  "final_equity": 99650.31388274091,
  "avg_holding_period_hours": 1.0359848484848484,
  "avg_return_per_trade": 0.0012523560090298138
}