{
  "total_return": 0.009263807136479736,
  "total_pnl": 926.3807136479736,
  "max_drawdown": -0.09100948038456579,
  "sharpe_ratio": 0.01083212617685547,
  "sortino_ratio": 0.014762594505369932,
  "total_trades": 165,
  "winning_trades": 165.0,
  "losing_trades": 0.0,
  "win_rate": 1.0,
  "avg_win": 0.0809121816595554,
  "avg_loss": 0,
  "profit_factor": 0,
  "final_equity": 100926.38071364797,
  "avg_holding_period_hours": 114.94727272727275,
  "avg_return_per_trade": 0.0002998000399919258
}