{
  "total_return": 0.5627840374111606,
  "total_pnl": 56278.40374111605,
  "max_drawdown": -0.18463456195150427,
  "sharpe_ratio": 5.203889003270265,
  "sortino_ratio": 11.968595219498617,
  "sharpe_annualization_days": 365,
  "total_trades": 301,
  "winning_trades": 301.0,
  "losing_trades": 0.0,
  "win_rate": 1.0,
  "avg_win": 90.13493441464264,
  "avg_loss": 0,
  "profit_factor": 0,
  "final_equity": 156278.40374111605,
  "avg_holding_period_hours": 1.8119601328903658,
  "avg_return_per_trade": 0.0012527675482511419
}