{
  "total_return": 0.004616951872528589,
  "total_pnl": 461.6951872528589,
  "max_drawdown": -0.0020894362500266973,
  "sharpe_ratio": 22.488537467826138,
  "sortino_ratio": 0.0,
  "sharpe_annualization_days": 365,
  "total_trades": 37,
  "winning_trades": 37.0,
  "losing_trades": 0.0,
  "win_rate": 1.0,
  "avg_win": 1.4702245701390204,
  "avg_loss": 0,
  "profit_factor": 0,
  "final_equity": 100461.69518725286,
  "avg_holding_period_hours": 1.2202702702702701,
  "avg_return_per_trade": 0.0008015734928418898
}