{
  "total_return": 0.035902067798490464,
  "total_pnl": 3590.206779849046,
  "max_drawdown": -0.011728653627745417,
  "sharpe_ratio": 0.12268632198618783,
  "sortino_ratio": 0.056473827419246836,
  "total_trades": 234,
  "winning_trades": 234.0,
  "losing_trades": 0.0,
  "win_rate": 1.0,
  "avg_win": 6.857433048775691,
  "avg_loss": 0,
  "profit_factor": 0,
  "final_equity": 103590.20677984905,
  "avg_holding_period_hours": 14.650356125356126,
  "avg_return_per_trade": 0.0012738292195002235
}