{
  "total_return": 0.6228774483655292,
  "total_pnl": 62287.74483655291,
  "max_drawdown": -0.11367734154349148,
  "sharpe_ratio": 6.812335931363423,
  "sortino_ratio": 25.95647128253566,
  "sharpe_annualization_days": 365,
  "total_trades": 1256,
  "winning_trades": 767.0,
  "losing_trades": 489.0,
  "win_rate": 0.6106687898089171,
  "avg_win": 155.7522417689484,
  "avg_loss": -196.9825388840979,
  "profit_factor": 1.2402038647163256,
  "final_equity": 162287.7448365529,
  "avg_holding_period_hours": 13.347890127388533,
  "avg_return_per_trade": -0.0010940655310299125
}