{
  "total_return": 0.25015887032588957,
  "total_pnl": 25015.88703258896,
  "max_drawdown": -0.0568133158037848,
  "sharpe_ratio": 8.474820383800298,
  "sortino_ratio": 40.522330808779216,
  "sharpe_annualization_days": 365,
  "total_trades": 297,
  "winning_trades": 297.0,
  "losing_trades": 0.0,
  "win_rate": 1.0,
  "avg_win": 77.36391193656705,
  "avg_loss": 0,
  "profit_factor": 0,
  "final_equity": 125015.88703258896,
  "avg_holding_period_hours": 11.449046015712684,
  "avg_return_per_trade": 0.001260759849322108
}