{
  "total_return": 0.28085586875869645,
  "total_pnl": 28085.586875869645,
  "max_drawdown": -0.14564729628846174,
  "sharpe_ratio": 4.713268269947066,
  "sortino_ratio": 3.472925089319871,
  "sharpe_annualization_days": 365,
  "total_trades": 1179,
  "winning_trades": 771.0,
  "losing_trades": 408.0,
  "win_rate": 0.6539440203562341,
  "avg_win": 91.20749952120522,
  "avg_loss": -153.74443354320434,
  "profit_factor": 1.1210509830360154,
  "final_equity": 128085.58687586965,
  "avg_holding_period_hours": 13.689737065309584,
  "avg_return_per_trade": -0.00147953695723248
}