{
  "total_return": 0.6228774483655292,
  "total_pnl": 62287.74483655291,
  "max_drawdown": -0.11367734154349148,
  "sharpe_ratio": 6.802095011576649,
  "sortino_ratio": 25.960806413146564,
  "sharpe_annualization_days": 365,
  "total_trades": 1274,
  "winning_trades": 891.0,
  "losing_trades": 383.0,
  "win_rate": 0.6993720565149136,
  "avg_win": 134.46199110656053,
  "avg_loss": -236.29734442698037,
  "profit_factor": 1.3237916186535201,
  "final_equity": 162287.7448365529,
  "avg_holding_period_hours": 11.899777603349033,
  "avg_return_per_trade": -0.00043533276953089183
}