{
  "total_return": 0.0031420341610992907,
  "total_pnl": 314.2034161099291,
  "max_drawdown": -0.009110583868596414,
  "sharpe_ratio": 0.026805338999122783,
  "sortino_ratio": 0.030079985133595683,
  "total_trades": 337,
  "winning_trades": 131.0,
  "losing_trades": 206.0,
  "win_rate": 0.3887240356083086,
  "avg_win": 8.132405702975703,
  "avg_loss": -3.479867902886795,
  "profit_factor": 1.4861421548906966,
  "final_equity": 100314.20341610993,
  "avg_holding_period_hours": 7.125717111770524,
  "avg_return_per_trade": 0.0004919517595137003
}