{
  "total_return": 0.029492416972850915,
  "total_pnl": 2949.2416972850915,
  "max_drawdown": -0.03610647249496513,
  "sharpe_ratio": 0.2625483287437804,
  "sortino_ratio": 0.4537870564399903,
  "sharpe_annualization_days": 365,
  "total_trades": 17,
  "winning_trades": 17.0,
  "losing_trades": 0.0,
  "win_rate": 1.0,
  "avg_win": 74.27165618920587,
  "avg_loss": 0,
  "profit_factor": 0,
  "final_equity": 102949.24169728509,
  "avg_holding_period_hours": 1.4696078431372548,
  "avg_return_per_trade": 0.0012128150272617702
}