{
  "total_return": 0.5549582106696617,
  "total_pnl": 55495.821066966164,
  "max_drawdown": -0.18463456195150377,
  "sharpe_ratio": 5.2747129496206915,
  "sortino_ratio": 11.563992834087747,
  "sharpe_annualization_days": 365,
  "total_trades": 298,
  "winning_trades": 298.0,
  "losing_trades": 0.0,
  "win_rate": 1.0,
  "avg_win": 88.71412023114532,
  "avg_loss": 0,
  "profit_factor": 0,
  "final_equity": 155495.82106696616,
  "avg_holding_period_hours": 1.873881431767338,
  "avg_return_per_trade": 0.001253304401636437
}