{
  "total_return": 0.5544838491614047,
  "total_pnl": 55448.384916140465,
  "max_drawdown": -0.18463456195150438,
  "sharpe_ratio": 5.203889003270115,
  "sortino_ratio": 11.968595219498205,
  "sharpe_annualization_days": 365,
  "total_trades": 298,
  "winning_trades": 298.0,
  "losing_trades": 0.0,
  "win_rate": 1.0,
  "avg_win": 88.97871526766184,
  "avg_loss": 0,
  "profit_factor": 0,
  "final_equity": 155448.38491614047,
  "avg_holding_period_hours": 1.8265659955257272,
  "avg_return_per_trade": 0.001253304401636443
}