{
  "total_return": 0.5536190065170452,
  "total_pnl": 55361.90065170452,
  "max_drawdown": -0.18463456195150293,
  "sharpe_ratio": 5.203889003270103,
  "sortino_ratio": 11.968595219498459,
  "sharpe_annualization_days": 365,
  "total_trades": 295,
  "winning_trades": 295.0,
  "losing_trades": 0.0,
  "win_rate": 1.0,
  "avg_win": 89.42953204247414,
  "avg_loss": 0,
  "profit_factor": 0,
  "final_equity": 155361.90065170452,
  "avg_holding_period_hours": 1.8219774011299437,
  "avg_return_per_trade": 0.0012538521740736446
}