{
  "summary": {
    "total_return": 0.0323508402251279,
    "total_pnl": 3235.0840225127904,
    "max_drawdown": -0.01155609327910718,
    "sharpe_ratio": 0.11736484607044037,
    "sortino_ratio": 0.05055470234509329,
    "total_trades": 200.0,
    "win_rate": 1.0,
    "final_equity": 103235.08402251279
  },
  "turnover": {
    "backtest_days": 30.999305555555555,
    "trades_per_day": 6.451757431842111,
    "volume_btc": 9.31897831371436,
    "volume_btc_per_day": 0.30061893796341044
  },
  "orders": {
    "buy_orders": 237.0,
    "sell_orders": 223.0,
    "sell_buy_ratio": 0.9409282700421941
  },
  "holding": {
    "holding_avg_hours": 9.650833333333333,
    "holding_p50_hours": 0.6,
    "holding_p75_hours": 2.8708333333333336,
    "holding_p90_hours": 15.418333333333333,
    "holding_p95_hours": 42.54083333333327,
    "holding_max_hours": 179.03333333333333
  },
  "inventory": {
    "exposure_time_usd_hours": 4591535.675140836,
    "equity_time_usd_hours": 76381827.29249486,
    "peak_holdings_value_usd": 162562.06743192312,
    "peak_inventory_ratio": 1.6313108612967986,
    "avg_inventory_ratio": 0.061024243815829465
  },
  "efficiency": {
    "pnl_per_exposure_usd_hour": 0.0007045756041988197,
    "pnl_per_exposure_usd_day": 0.016909814500771673
  },
  "notes": {
    "sell_buy_ratio_hint": "If << 1, sells are scarce vs buys -> inventory can accumulate and holding time rises.",
    "pnl_per_exposure_hint": "Proxy for capital efficiency: total_pnl divided by integral of holdings_value over time."
  }
}