{
  "total_return": -0.0003762908586670528,
  "total_pnl": -37.62908586670528,
  "max_drawdown": -0.0006070859612628945,
  "sharpe_ratio": -6.5379124309590395,
  "sortino_ratio": -12.846463541814098,
  "sharpe_annualization_days": 365,
  "total_trades": 0,
  "winning_trades": 0,
  "losing_trades": 0,
  "win_rate": 0,
  "avg_win": 0,
  "avg_loss": 0,
  "profit_factor": 0,
  "final_equity": 99962.3709141333,
  "avg_holding_period_hours": 0.0,
  "avg_return_per_trade": 0.0
}