{
  "total_return": 0.5551097645752994,
  "total_pnl": 55510.976457529934,
  "max_drawdown": -0.18463456195150346,
  "sharpe_ratio": 5.203889003270216,
  "sortino_ratio": 11.968595219498635,
  "sharpe_annualization_days": 365,
  "total_trades": 298,
  "winning_trades": 298.0,
  "losing_trades": 0.0,
  "win_rate": 1.0,
  "avg_win": 88.93137776588866,
  "avg_loss": 0,
  "profit_factor": 0,
  "final_equity": 155510.97645752993,
  "avg_holding_period_hours": 1.84334451901566,
  "avg_return_per_trade": 0.0012533044016364392
}