{
  "total_return": 0.5923343508480722,
  "total_pnl": 59233.43508480722,
  "max_drawdown": -0.1882668230410633,
  "sharpe_ratio": 5.5819243351786145,
  "sortino_ratio": 12.000852429623087,
  "sharpe_annualization_days": 365,
  "total_trades": 309,
  "winning_trades": 309.0,
  "losing_trades": 0.0,
  "win_rate": 1.0,
  "avg_win": 86.11695029381276,
  "avg_loss": 0,
  "profit_factor": 0,
  "final_equity": 159233.43508480722,
  "avg_holding_period_hours": 2.431391585760518,
  "avg_return_per_trade": 0.0012513869026517539
}