{
  "total_return": 0.5651836021311953,
  "total_pnl": 56518.36021311954,
  "max_drawdown": -0.184634561951504,
  "sharpe_ratio": 5.203889003270154,
  "sortino_ratio": 11.96859521949852,
  "sharpe_annualization_days": 365,
  "total_trades": 308,
  "winning_trades": 308.0,
  "losing_trades": 0.0,
  "win_rate": 1.0,
  "avg_win": 88.63121419186082,
  "avg_loss": 0,
  "profit_factor": 0,
  "final_equity": 156518.36021311954,
  "avg_holding_period_hours": 1.9009199134199135,
  "avg_return_per_trade": 0.0012515555610624765
}