{
  "total_return": 0.5558364089928265,
  "total_pnl": 55583.64089928265,
  "max_drawdown": -0.18463456195150363,
  "sharpe_ratio": 5.205368212725124,
  "sortino_ratio": 11.945812145131994,
  "sharpe_annualization_days": 365,
  "total_trades": 297,
  "winning_trades": 297.0,
  "losing_trades": 0.0,
  "win_rate": 1.0,
  "avg_win": 89.80194389090889,
  "avg_loss": 0,
  "profit_factor": 0,
  "final_equity": 155583.64089928265,
  "avg_holding_period_hours": 1.8129629629629627,
  "avg_return_per_trade": 0.0012534857628810827
}