{
  "total_return": -0.002305546731668583,
  "annual_return": -0.05357651734856328,
  "total_pnl": -230.55467316685827,
  "max_drawdown": -0.13607113677993093,
  "sharpe_ratio": -0.005062604247211685,
  "sortino_ratio": -0.007563956677640899,
  "calmar_ratio": -0.39373902957254675,
  "sharpe_to_dd": -0.037205570314294355,
  "ulcer_index": 4.944776749629494,
  "sharpe_annualization_days": 365,
  "total_trades": 937,
  "winning_trades": 875.0,
  "losing_trades": 62.0,
  "win_rate": 0.9338313767342583,
  "avg_win": 11.459950955034936,
  "avg_loss": -81.0713430764787,
  "profit_factor": 1.9949488026653905,
  "final_equity": 99769.44532683314,
  "avg_holding_period_hours": 7.35866239772323,
  "avg_return_per_trade": 0.0006690997279254545
}