{
  "total_return": 0.030602627609908378,
  "annual_return": 0.3634140701014792,
  "total_pnl": 3060.2627609908377,
  "max_drawdown": -0.22346659886052267,
  "sharpe_ratio": 0.807038461808607,
  "sortino_ratio": 0.8715581034098152,
  "calmar_ratio": 1.626256773739619,
  "sharpe_to_dd": 3.6114500597573533,
  "ulcer_index": 3.3938530575391743,
  "sharpe_annualization_days": 365,
  "total_trades": 450,
  "winning_trades": 418.0,
  "losing_trades": 32.0,
  "win_rate": 0.9288888888888889,
  "avg_win": 9.435855681427304,
  "avg_loss": -10.985507970671492,
  "profit_factor": 11.219860307571205,
  "final_equity": 103060.26276099084,
  "avg_holding_period_hours": 19.953481481481482,
  "avg_return_per_trade": 0.0034514085512579703
}