{
  "total_return": -0.004457942845995858,
  "total_pnl": -445.7942845995858,
  "max_drawdown": -0.013858045115505287,
  "sharpe_ratio": -5.334257252458007,
  "sortino_ratio": -6.42991877898101,
  "sharpe_annualization_days": 365,
  "total_trades": 27,
  "winning_trades": 27.0,
  "losing_trades": 0.0,
  "win_rate": 1.0,
  "avg_win": 2.6296677275953666,
  "avg_loss": 0,
  "profit_factor": 0,
  "final_equity": 99554.20571540041,
  "avg_holding_period_hours": 3.306172839506173,
  "avg_return_per_trade": 0.0016012737675116188
}