{
  "total_return": 0.009106910897138587,
  "total_pnl": 910.6910897138587,
  "max_drawdown": -0.019906519383741557,
  "sharpe_ratio": 1.6170869797377163,
  "sortino_ratio": 2.478677515149871,
  "sharpe_annualization_days": 365,
  "total_trades": 26,
  "winning_trades": 26.0,
  "losing_trades": 0.0,
  "win_rate": 1.0,
  "avg_win": 2.0735605127839825,
  "avg_loss": 0,
  "profit_factor": 0,
  "final_equity": 100910.69108971386,
  "avg_holding_period_hours": 0.2141025641025641,
  "avg_return_per_trade": 0.0010466263688443762
}