{
  "total_return": 0.5545558520749957,
  "total_pnl": 55455.585207499564,
  "max_drawdown": -0.1846345619515037,
  "sharpe_ratio": 5.271162691232716,
  "sortino_ratio": 11.540577934622734,
  "sharpe_annualization_days": 365,
  "total_trades": 298,
  "winning_trades": 298.0,
  "losing_trades": 0.0,
  "win_rate": 1.0,
  "avg_win": 88.57091117034159,
  "avg_loss": 0,
  "profit_factor": 0,
  "final_equity": 155455.58520749956,
  "avg_holding_period_hours": 1.9044183445190157,
  "avg_return_per_trade": 0.0012533044016364418
}