{
  "total_return": 0.08916576902187823,
  "annual_return": 1.4435883247753245,
  "total_pnl": 8916.576902187822,
  "max_drawdown": -0.06430308665470334,
  "sharpe_ratio": 4.4679626031841275,
  "sortino_ratio": 6.189812023470054,
  "calmar_ratio": 22.449751635207633,
  "sharpe_to_dd": 69.48286366370448,
  "ulcer_index": 0.8210921601132813,
  "sharpe_annualization_days": 365,
  "total_trades": 1488,
  "winning_trades": 1358.0,
  "losing_trades": 130.0,
  "win_rate": 0.9126344086021505,
  "avg_win": 9.289141283475049,
  "avg_loss": -28.7857090291266,
  "profit_factor": 3.370971298558407,
  "final_equity": 108916.57690218782,
  "avg_holding_period_hours": 14.901635304659496,
  "avg_return_per_trade": 0.0025462190365292897
}