{
  "total_return": 0.0036656181216752157,
  "total_pnl": 366.56181216752157,
  "max_drawdown": -0.09098361937410306,
  "sharpe_ratio": 0.00646880571367978,
  "sortino_ratio": 0.008818634392148342,
  "total_trades": 122,
  "winning_trades": 122.0,
  "losing_trades": 0.0,
  "win_rate": 1.0,
  "avg_win": 0.09384017236667211,
  "avg_loss": 0,
  "profit_factor": 0,
  "final_equity": 100366.56181216752,
  "avg_holding_period_hours": 116.21516393442623,
  "avg_return_per_trade": 0.00029980003999194007
}