{
  "total_return": -0.0023113452156049608,
  "total_pnl": -231.13452156049607,
  "max_drawdown": -0.008078557659115073,
  "sharpe_ratio": -5.28123776215859,
  "sortino_ratio": -6.426619510025859,
  "sharpe_annualization_days": 365,
  "total_trades": 39,
  "winning_trades": 39.0,
  "losing_trades": 0.0,
  "win_rate": 1.0,
  "avg_win": 1.9521687594415933,
  "avg_loss": 0,
  "profit_factor": 0,
  "final_equity": 99768.8654784395,
  "avg_holding_period_hours": 3.0089743589743585,
  "avg_return_per_trade": 0.001206139215592051
}