{
  "total_return": 0.556799736497039,
  "total_pnl": 55679.9736497039,
  "max_drawdown": -0.18463456195150563,
  "sharpe_ratio": 5.297677674312452,
  "sortino_ratio": 11.463650410968457,
  "sharpe_annualization_days": 365,
  "total_trades": 298,
  "winning_trades": 298.0,
  "losing_trades": 0.0,
  "win_rate": 1.0,
  "avg_win": 88.78314465363755,
  "avg_loss": 0,
  "profit_factor": 0,
  "final_equity": 155679.9736497039,
  "avg_holding_period_hours": 1.9044183445190157,
  "avg_return_per_trade": 0.00125330440163644
}