{
  "total_return": 0.5522752225284349,
  "total_pnl": 55227.52225284348,
  "max_drawdown": -0.18463456195150424,
  "sharpe_ratio": 5.235980702912875,
  "sortino_ratio": 11.847054364363345,
  "sharpe_annualization_days": 365,
  "total_trades": 298,
  "winning_trades": 298.0,
  "losing_trades": 0.0,
  "win_rate": 1.0,
  "avg_win": 88.62772999904637,
  "avg_loss": 0,
  "profit_factor": 0,
  "final_equity": 155227.52225284348,
  "avg_holding_period_hours": 1.873881431767338,
  "avg_return_per_trade": 0.0012533044016364361
}