{
  "total_return": 0.08612897744878908,
  "total_pnl": 8612.897744878908,
  "max_drawdown": -0.045776490714475794,
  "sharpe_ratio": 5.943568030592118,
  "sortino_ratio": 13.01989806510059,
  "sharpe_annualization_days": 365,
  "total_trades": 1009,
  "winning_trades": 930.0,
  "losing_trades": 79.0,
  "win_rate": 0.9217046580773043,
  "avg_win": 12.660524164051903,
  "avg_loss": -44.95405614457049,
  "profit_factor": 3.3154208175898865,
  "final_equity": 108612.89774487891,
  "avg_holding_period_hours": 6.6159894284770395,
  "avg_return_per_trade": 0.0016077317206648672
}