{
  "total_return": 0.3456982642665238,
  "total_pnl": 34569.82642665238,
  "max_drawdown": -0.4724610618412914,
  "sharpe_ratio": 4.073560881471013,
  "sortino_ratio": 5.726740647785437,
  "sharpe_annualization_days": 365,
  "total_trades": 198,
  "winning_trades": 195.0,
  "losing_trades": 3.0,
  "win_rate": 0.9848484848484849,
  "avg_win": 9.988966008779492,
  "avg_loss": -10.484522062450273,
  "profit_factor": 61.92774326795848,
  "final_equity": 134569.82642665238,
  "avg_holding_period_hours": 13.853787878787877,
  "avg_return_per_trade": 0.0032533295101450244
}