{
  "total_return": -0.0035063930556425474,
  "total_pnl": -350.63930556425476,
  "max_drawdown": -0.011883308309028423,
  "sharpe_ratio": -5.245869041396403,
  "sortino_ratio": -6.420794350403764,
  "sharpe_annualization_days": 365,
  "total_trades": 26,
  "winning_trades": 26.0,
  "losing_trades": 0.0,
  "win_rate": 1.0,
  "avg_win": 3.1314661298519977,
  "avg_loss": 0,
  "profit_factor": 0,
  "final_equity": 99649.36069443575,
  "avg_holding_period_hours": 2.505769230769231,
  "avg_return_per_trade": 0.0016013504453400817
}