{
  "total_return": -0.00020477223471636536,
  "total_pnl": -20.477223471636535,
  "max_drawdown": -0.00033038868572446813,
  "sharpe_ratio": -6.538030998286737,
  "sortino_ratio": -12.84880177074733,
  "sharpe_annualization_days": 365,
  "total_trades": 0,
  "winning_trades": 0,
  "losing_trades": 0,
  "win_rate": 0,
  "avg_win": 0,
  "avg_loss": 0,
  "profit_factor": 0,
  "final_equity": 99979.52277652836,
  "avg_holding_period_hours": 0.0,
  "avg_return_per_trade": 0.0
}