{
  "total_return": 0.5555694278093206,
  "total_pnl": 55556.94278093206,
  "max_drawdown": -0.18463456195150332,
  "sharpe_ratio": 5.203889003270126,
  "sortino_ratio": 11.968595219498422,
  "sharpe_annualization_days": 365,
  "total_trades": 298,
  "winning_trades": 298.0,
  "losing_trades": 0.0,
  "win_rate": 1.0,
  "avg_win": 89.26759664047924,
  "avg_loss": 0,
  "profit_factor": 0,
  "final_equity": 155556.94278093206,
  "avg_holding_period_hours": 1.834228187919463,
  "avg_return_per_trade": 0.0012533044016366168
}