{
  "total_return": 0.5547008941299818,
  "total_pnl": 55470.089412998175,
  "max_drawdown": -0.18463456195150338,
  "sharpe_ratio": 5.2038890032702865,
  "sortino_ratio": 11.96859521949888,
  "sharpe_annualization_days": 365,
  "total_trades": 298,
  "winning_trades": 298.0,
  "losing_trades": 0.0,
  "win_rate": 1.0,
  "avg_win": 89.03901770572746,
  "avg_loss": 0,
  "profit_factor": 0,
  "final_equity": 155470.08941299818,
  "avg_holding_period_hours": 1.834228187919463,
  "avg_return_per_trade": 0.0012533044016366038
}