{
  "total_return": 0.03666198671742924,
  "total_pnl": 3666.1986717429245,
  "max_drawdown": -0.011825031636195697,
  "sharpe_ratio": 0.12378630071220185,
  "sortino_ratio": 0.057071016450700174,
  "total_trades": 234,
  "winning_trades": 234.0,
  "losing_trades": 0.0,
  "win_rate": 1.0,
  "avg_win": 6.875839584574447,
  "avg_loss": 0,
  "profit_factor": 0,
  "final_equity": 103666.19867174292,
  "avg_holding_period_hours": 14.650356125356126,
  "avg_return_per_trade": 0.0012738292195001411
}