{
  "total_return": 0.5669610725354124,
  "total_pnl": 56696.10725354124,
  "max_drawdown": -0.18463456195150407,
  "sharpe_ratio": 5.203889003270065,
  "sortino_ratio": 11.96859521949816,
  "sharpe_annualization_days": 365,
  "total_trades": 308,
  "winning_trades": 308.0,
  "losing_trades": 0.0,
  "win_rate": 1.0,
  "avg_win": 88.94442313252019,
  "avg_loss": 0,
  "profit_factor": 0,
  "final_equity": 156696.10725354124,
  "avg_holding_period_hours": 1.9009199134199135,
  "avg_return_per_trade": 0.0012515555610627153
}