{
  "total_return": 0.003578715793099982,
  "total_pnl": 357.8715793099982,
  "max_drawdown": -0.004307040521133103,
  "sharpe_ratio": 16.35949513027201,
  "sortino_ratio": 16.35949513027201,
  "sharpe_annualization_days": 365,
  "total_trades": 124,
  "winning_trades": 124.0,
  "losing_trades": 0.0,
  "win_rate": 1.0,
  "avg_win": 3.9067316231397475,
  "avg_loss": 0,
  "profit_factor": 0,
  "final_equity": 100357.87157931,
  "avg_holding_period_hours": 12.716532258064513,
  "avg_return_per_trade": 0.001625327047310369
}