{
  "total_return": 0.5664606239339977,
  "total_pnl": 56646.06239339977,
  "max_drawdown": -0.18463456195150482,
  "sharpe_ratio": 5.204140702310742,
  "sortino_ratio": 11.96480871120996,
  "sharpe_annualization_days": 365,
  "total_trades": 302,
  "winning_trades": 302.0,
  "losing_trades": 0.0,
  "win_rate": 1.0,
  "avg_win": 90.57949525950191,
  "avg_loss": 0,
  "profit_factor": 0,
  "final_equity": 156646.06239339977,
  "avg_holding_period_hours": 1.8497240618101545,
  "avg_return_per_trade": 0.0012525909673363356
}