{
  "total_return": 0.5626863339699071,
  "total_pnl": 56268.633396990714,
  "max_drawdown": -0.18463456195150446,
  "sharpe_ratio": 5.20388900327023,
  "sortino_ratio": 11.968595219498663,
  "sharpe_annualization_days": 365,
  "total_trades": 305,
  "winning_trades": 305.0,
  "losing_trades": 0.0,
  "win_rate": 1.0,
  "avg_win": 89.04222199447358,
  "avg_loss": 0,
  "profit_factor": 0,
  "final_equity": 156268.6333969907,
  "avg_holding_period_hours": 1.8942076502732241,
  "avg_return_per_trade": 0.0012520681720381897
}