{
  "total_return": 0.033285081599063994,
  "annual_return": 0.3893470803175034,
  "total_pnl": 3328.5081599063997,
  "max_drawdown": -0.3634977882226485,
  "sharpe_ratio": 0.7838085158334184,
  "sortino_ratio": 1.136230876189663,
  "calmar_ratio": 1.0711126530404687,
  "sharpe_to_dd": 2.1562951446442433,
  "ulcer_index": 5.96729384251385,
  "sharpe_annualization_days": 365,
  "total_trades": 418,
  "winning_trades": 383.0,
  "losing_trades": 35.0,
  "win_rate": 0.916267942583732,
  "avg_win": 14.746047082639054,
  "avg_loss": -32.95042946984967,
  "profit_factor": 4.897170969950964,
  "final_equity": 103328.5081599064,
  "avg_holding_period_hours": 21.01120414673046,
  "avg_return_per_trade": 0.002581203204180688
}