{
  "total_return": 0.004327586139949417,
  "total_pnl": 432.7586139949417,
  "max_drawdown": -0.001851564667045048,
  "sharpe_ratio": 22.48922352870763,
  "sortino_ratio": 0.0,
  "sharpe_annualization_days": 365,
  "total_trades": 18,
  "winning_trades": 18.0,
  "losing_trades": 0.0,
  "win_rate": 1.0,
  "avg_win": 4.454386240600646,
  "avg_loss": 0,
  "profit_factor": 0,
  "final_equity": 100432.75861399494,
  "avg_holding_period_hours": 1.1870370370370371,
  "avg_return_per_trade": 0.0016115617023073942
}