{
  "total_return": 0.5554219458896503,
  "total_pnl": 55542.19458896504,
  "max_drawdown": -0.1846345619515041,
  "sharpe_ratio": 5.203889003270115,
  "sortino_ratio": 11.968595219498459,
  "sharpe_annualization_days": 365,
  "total_trades": 297,
  "winning_trades": 297.0,
  "losing_trades": 0.0,
  "win_rate": 1.0,
  "avg_win": 89.45184927756803,
  "avg_loss": 0,
  "profit_factor": 0,
  "final_equity": 155542.19458896504,
  "avg_holding_period_hours": 1.8129629629629627,
  "avg_return_per_trade": 0.001253485762881076
}