{
  "summary": {
    "total_return": 0.03715031866990408,
    "total_pnl": 3715.031866990408,
    "max_drawdown": -0.011886552258305847,
    "sharpe_ratio": 0.12447473356142734,
    "sortino_ratio": 0.057444980925354,
    "total_trades": 234.0,
    "win_rate": 1.0,
    "final_equity": 103715.03186699041
  },
  "turnover": {
    "backtest_days": 30.999305555555555,
    "trades_per_day": 7.54855619525527,
    "volume_btc": 11.036225024756554,
    "volume_btc_per_day": 0.3560152341147749
  },
  "orders": {
    "buy_orders": 273.0,
    "sell_orders": 259.0,
    "sell_buy_ratio": 0.9487179487179487
  },
  "holding": {
    "holding_avg_hours": 14.650356125356126,
    "holding_p50_hours": 0.5583333333333333,
    "holding_p75_hours": 2.85,
    "holding_p90_hours": 9.353333333333337,
    "holding_p95_hours": 36.379999999999896,
    "holding_max_hours": 509.3666666666667
  },
  "inventory": {
    "exposure_time_usd_hours": 5177523.4797105435,
    "equity_time_usd_hours": 76606138.27916536,
    "peak_holdings_value_usd": 165949.9731125017,
    "peak_inventory_ratio": 1.6654818934421527,
    "avg_inventory_ratio": 0.06858804079541796
  },
  "efficiency": {
    "pnl_per_exposure_usd_hour": 0.000717530665297553,
    "pnl_per_exposure_usd_day": 0.01722073596714127
  },
  "notes": {
    "sell_buy_ratio_hint": "If << 1, sells are scarce vs buys -> inventory can accumulate and holding time rises.",
    "pnl_per_exposure_hint": "Proxy for capital efficiency: total_pnl divided by integral of holdings_value over time."
  }
}