{
  "total_return": 0.5648064565782063,
  "total_pnl": 56480.64565782063,
  "max_drawdown": -0.18463456195150352,
  "sharpe_ratio": 5.2038890032701275,
  "sortino_ratio": 11.968595219498305,
  "sharpe_annualization_days": 365,
  "total_trades": 302,
  "winning_trades": 302.0,
  "losing_trades": 0.0,
  "win_rate": 1.0,
  "avg_win": 90.2934254223174,
  "avg_loss": 0,
  "profit_factor": 0,
  "final_equity": 156480.64565782063,
  "avg_holding_period_hours": 1.8497240618101545,
  "avg_return_per_trade": 0.0012525909673363218
}