{
  "total_return": -0.0015132648451122806,
  "total_pnl": -151.32648451122805,
  "max_drawdown": -0.005131053063592375,
  "sharpe_ratio": -5.262248892408377,
  "sortino_ratio": -6.425869822724845,
  "sharpe_annualization_days": 365,
  "total_trades": 26,
  "winning_trades": 26.0,
  "losing_trades": 0.0,
  "win_rate": 1.0,
  "avg_win": 1.3518512818411692,
  "avg_loss": 0,
  "profit_factor": 0,
  "final_equity": 99848.67351548877,
  "avg_holding_period_hours": 2.505769230769231,
  "avg_return_per_trade": 0.0016013504453401026
}